LAX;Los Angeles International;CA;USA;Los Angeles
JFK;John F Kennedy Intl;NY;USA;New York
SFO;San Francisco International;CA;USA;San Francisco
LAS;McCarran International;NV;USA;Las Vegas
ORD;Chicago OHare International;IL;USA;Chicago
LGA;LaGuardia;NY;USA;New York
STT;Cyril E. King;VI;USA;Charlotte Amalie
MIA;Miami International;FL;USA;Miami
DFW;Dallas-Fort Worth International;TX;USA;Dallas-Fort Worth
PHL;Philadelphia Intl;PA;USA;Philadelphia
STL;Lambert-St Louis International;MO;USA;St Louis
DCA;Ronald Reagan Washington National;VA;USA;Arlington
IAH;George Bush Intercontinental;TX;USA;Houston
BNA;Nashville International;TN;USA;Nashville
HNL;Honolulu International;HI;USA;Honolulu
OGG;Kahului;HI;USA;Kahului
BOS;Gen Edw L Logan Intl;MA;USA;Boston
IAD;Washington Dulles International;VA;USA;Chantilly
EWR;Newark Intl;NJ;USA;Newark
SAN;San Diego International-Lindbergh;CA;USA;San Diego
MCO;Orlando International;FL;USA;Orlando
KOA;Kona International At Keahole;HI;USA;Kailua/Kona
SEA;Seattle-Tacoma Intl;WA;USA;Seattle
TUS;Tucson International;AZ;USA;Tucson
LIH;Lihue;HI;USA;Lihue
RDU;Raleigh-Durham International;NC;USA;Raleigh
TPA;Tampa International;FL;USA;Tampa
PHX;Phoenix Sky Harbor International;AZ;USA;Phoenix
BWI;Baltimore-Washington International;MD;USA;Baltimore
SNA;John Wayne /Orange Co;CA;USA;Santa Ana
SJC;San Jose International;CA;USA;San Jose
RSW;Southwest Florida International;FL;USA;Ft. Myers
MCI;Kansas City International;MO;USA;Kansas City
MSY;New Orleans International;LA;USA;New Orleans
BHM;Birmingham International;AL;USA;Birmingham
PSP;Palm Springs International;CA;USA;Palm Springs
SAT;San Antonio International;TX;USA;San Antonio
XNA;Northwest Arkansas Regional;AR;USA;Fayetteville/Springdale/Rogers
DEN;Denver Intl;CO;USA;Denver
PDX;Portland Intl;OR;USA;Portland
ATL;William B Hartsfield-Atlanta Intl;GA;USA;Atlanta
BDL;Bradley International;CT;USA;Windsor Locks
RIC;Richmond International;VA;USA;Richmond
MFE;McAllen Miller International;TX;USA;McAllen
FAT;Fresno Yosemite International;CA;USA;Fresno
ELP;El Paso International;TX;USA;El Paso
MSP;Minneapolis-St Paul Intl;MN;USA;Minneapolis
ONT;Ontario International;CA;USA;Ontario
OKC;Will Rogers World;OK;USA;Oklahoma City
IND;Indianapolis International;IN;USA;Indianapolis
ABQ;Albuquerque International;NM;USA;Albuquerque
PBI;Palm Beach International;FL;USA;West Palm Beach
SJU;Luis Munoz Marin International;PR;USA;San Juan
JAX;Jacksonville International;FL;USA;Jacksonville
AUS;Austin-Bergstrom International;TX;USA;Austin
MEM;Memphis International;TN;USA;Memphis
SLC;Salt Lake City Intl;UT;USA;Salt Lake City
DTW;Detroit Metropolitan-Wayne County;MI;USA;Detroit
BUR;Burbank-Glendale-Pasadena;CA;USA;Burbank
FLL;Fort Lauderdale-Hollywood Intl;FL;USA;Ft. Lauderdale
CMH;Port Columbus Intl;OH;USA;Columbus
RNO;Reno/Tahoe International;NV;USA;Reno
ICT;Wichita Mid-Continent;KS;USA;Wichita
TUL;Tulsa International;OK;USA;Tulsa
COS;City of Colorado Springs Muni;CO;USA;Colorado Springs
ORF;Norfolk International;VA;USA;Norfolk
SMF;Sacramento International;CA;USA;Sacramento
CLT;Charlotte/Douglas International;NC;USA;Charlotte
DAY;James M Cox Dayton Intl;OH;USA;Dayton
STX;Henry E. Rohlsen;VI;USA;Christiansted
OMA;Eppley Airfield;NE;USA;Omaha
GSO;Piedmont Triad International;NC;USA;Greensboro
SDF;Louisville International-Standiford;KY;USA;Louisville
HSV;Huntsville International;AL;USA;Huntsville
EGE;Eagle County Regional;CO;USA;Eagle
SCC;Deadhorse;AK;USA;Deadhorse
BRW;Wiley Post Will Rogers Memorial;AK;USA;Barrow
ANC;Ted Stevens Anchorage International;AK;USA;Anchorage
OTZ;Ralph Wien Memorial;AK;USA;Kotzebue
OME;Nome;AK;USA;Nome
ADQ;Kodiak;AK;USA;Kodiak
BET;Bethel;AK;USA;Bethel
FAI;Fairbanks International;AK;USA;Fairbanks
KTN;Ketchikan International;AK;USA;Ketchikan
JNU;Juneau International;AK;USA;Juneau
YAK;Yakutat;AK;USA;Yakutat
CDV;Merle K (Mudhole) Smith;AK;USA;Cordova
SIT;Sitka;AK;USA;Sitka
PSG;James C. Johnson Petersburg;AK;USA;Petersburg
WRG;Wrangell;AK;USA;Wrangell
ADK;Adak;AK;USA;Adak
OAK;Metropolitan Oakland International;CA;USA;Oakland
LGB;Long Beach (Daugherty );CA;USA;Long Beach
GEG;Spokane Intl;WA;USA;Spokane
BUF;Buffalo Niagara Intl;NY;USA;Buffalo
SYR;Syracuse-Hancock Intl;NY;USA;Syracuse
BTV;Burlington International;VT;USA;Burlington
ROC;Greater Rochester Intl;NY;USA;Rochester
SRQ;Sarasota Bradenton International;FL;USA;Sarasota
SWF;Stewart;NY;USA;Newburgh
HPN;Westchester Cty;NY;USA;White Plains
PWM;Portland International Jetport;ME;USA;Portland
HOU;William P Hobby;TX;USA;Houston
BQN;Rafael Hernandez;PR;USA;Aguadilla
PSE;Mercedita;PR;USA;Ponce
PIT;Pittsburgh International;PA;USA;Pittsburgh
CLE;Cleveland-Hopkins Intl;OH;USA;Cleveland
BTR;Baton Rouge Metropolitan, Ryan;LA;USA;Baton Rouge
CVG;Cincinnati Northern Kentucky Intl;KY;USA;Covington
GSP;Greenville-Spartanburg;SC;USA;Greer
GPT;Gulfport-Biloxi Regional;MS;USA;Gulfport-Biloxi
TLH;Tallahassee Regional;FL;USA;Tallahassee
PNS;Pensacola Regional;FL;USA;Pensacola
SAV;Savannah International;GA;USA;Savannah
DAB;Daytona Beach International;FL;USA;Daytona Beach
MOB;Mobile Regional;AL;USA;Mobile
LIT;Adams;AR;USA;Little Rock
MLB;Melbourne International;FL;USA;Melbourne
JAN;Jackson International;MS;USA;Jackson
MKE;General Mitchell International;WI;USA;Milwaukee
CHS;Charleston AFB/International;SC;USA;Charleston
VPS;Eglin Air Force Base;FL;USA;Valparaiso
TYS;McGhee-Tyson;TN;USA;Knoxville
BOI;Boise Air Terminal;ID;USA;Boise
CAK;Akron-Canton Regional;OH;USA;Akron
LEX;Blue Grass;KY;USA;Lexington
CAE;Columbia Metropolitan;SC;USA;Columbia
MLI;Quad City;IL;USA;Moline
PVD;Theodore F Green State;RI;USA;Providence
CHA;Lovell;TN;USA;Chattanooga
CHO;Charlottesville-Albermarle;VA;USA;Charlottesville
MGM;Montgomery Regional Apt;AL;USA;Montgomery
ILM;Wilmington International;NC;USA;Wilmington
CRW;Yeager;WV;USA;Charleston
ALB;Albany Cty;NY;USA;Albany
AVL;Asheville Regional;NC;USA;Asheville
ROA;Roanoke Regional/ Woodrum;VA;USA;Roanoke
TRI;Tri-Cities Regional;TN;USA;Bristol
MDT;Harrisburg Intl;PA;USA;Harrisburg
PFN;Panama City-Bay County International;FL;USA;Panama City
ABE;Lehigh Valley International;PA;USA;Allentown
MYR;Myrtle Beach International;SC;USA;Myrtle Beach
PHF;Newport News/Williamsburg International;VA;USA;Newport News
GNV;Gainesville Regional;FL;USA;Gainesville
GRR;Kent County International;MI;USA;Grand Rapids
FNT;Bishop;MI;USA;Flint
FAY;Fayetteville Municipal;NC;USA;Fayetteville
MEI;Key;MS;USA;Meridian
MSN;Dane County Regional;WI;USA;Madison
FSM;Fort Smith Regional;AR;USA;Fort Smith
LAW;Lawton-Ft Sill Regional;OK;USA;Lawton
OAJ;Albert J Ellis;NC;USA;Jacksonville
DHN;Dothan;AL;USA;Dothan
DSM;Des Moines International;IA;USA;Des Moines
AGS;Bush;GA;USA;Augusta
CSG;Columbus Metropolitan;GA;USA;Columbus
SHV;Shreveport Regional;LA;USA;Shreveport
BQK;Glynco Jetport;GA;USA;Brunswick
VLD;Valdosta Regional;GA;USA;Valdosta
HHH;Hilton Head;NA;USA;NA
SGF;Springfield-Branson Regional;MO;USA;Springfield
LYH;Lynchburg Municipal-Preston Glenn;VA;USA;Lynchburg
MLU;Monroe Regional;LA;USA;Monroe
BMI;Central Illinois Regional;IL;USA;Bloomington
EVV;Evansville Regional;IN;USA;Evansville
EWN;Craven County Regional;NC;USA;New Bern
FLO;Florence Regional;SC;USA;Florence
GTR;Golden Triangle Regional;MS;USA;Columbus-Starkville-West Point
SBN;South Bend Regional;IN;USA;South Bend
MHT;Manchester;NH;USA;Manchester
GRK;Robert Gray AAF;TX;USA;Killeen
AVP;Wilkes-Barre/Scranton Intl;PA;USA;Wilkes-Barre/Scranton
LFT;Lafayette Regional;LA;USA;Lafayette
PIA;Greater Peoria Regional;IL;USA;Peoria
ATW;Outagamie County Regional;WI;USA;Appleton
FWA;Fort Wayne International;IN;USA;Fort Wayne
CID;Eastern Iowa;IA;USA;Cedar Rapids
AEX;Alexandria International;LA;USA;Alexandria
LWB;Greenbrier Valley;WV;USA;Lewisburg
ABY;Southwest Georgia Regional;GA;USA;Albany
EYW;Key West International;FL;USA;Key West
MDW;Chicago Midway;IL;USA;Chicago
ITO;Hilo International;HI;USA;Hilo
MQT;Marquette County Airport;NA;USA;NA
SBP;San Luis Obispo Co-McChesney;CA;USA;San Luis Obispo
SBA;Santa Barbara Municipal;CA;USA;Santa Barbara
MRY;Monterey Peninsula;CA;USA;Monterey
CLL;Easterwood;TX;USA;College Station
AMA;Amarillo International;TX;USA;Amarillo
TXK;Texarkana Regional-Webb;AR;USA;Texarkana
LRD;Laredo International;TX;USA;Laredo
ACT;Waco Regional;TX;USA;Waco
LBB;Lubbock International;TX;USA;Lubbock
CRP;Corpus Christi International;TX;USA;Corpus Christi
MAF;Midland International;TX;USA;Midland
GGG;Gregg County;TX;USA;Longview
ABI;Abilene Regional;TX;USA;Abilene
CMI;University of Illinois-Willard;IL;USA;Champaign/Urbana
TYR;Tyler Pounds;TX;USA;Tyler
ROW;Roswell Industrial Air Center;NM;USA;Roswell
GJT;Walker;CO;USA;Grand Junction
GRB;Austin Straubel International;WI;USA;Green Bay
RST;Rochester International;MN;USA;Rochester
LSE;La Crosse Municipal;WI;USA;La Crosse
DBQ;Dubuque Municipal;IA;USA;Dubuque
TVC;Cherry Capital;MI;USA;Traverse City
AZO;Kalamazoo County;MI;USA;Kalamazoo
DAL;Dallas Love;TX;USA;Dallas
CWA;Central Wisconsin;WI;USA;Mosinee
TOL;Toledo Express;OH;USA;Toledo
FSD;Joe Foss;SD;USA;Sioux Falls
FAR;Hector International;ND;USA;Fargo
MBS;Mbs International;MI;USA;Saginaw
DLH;Duluth International;MN;USA;Duluth
BIS;Bismarck Municipal;ND;USA;Bismarck
GFK;Grand Forks International;ND;USA;Grand Forks
MOT;Minot International;ND;USA;Minot
LAN;Capital City;MI;USA;Lansing
BIL;Billings Logan Intl;MT;USA;Billings
RAP;Rapid City Regional;SD;USA;Rapid City
BZN;Gallatin;MT;USA;Bozeman
HTS;Tri-State/Walker-Long;WV;USA;Huntington
BGR;Bangor International;ME;USA;Bangor
SUN;Friedman Memorial;ID;USA;Hailey
CPR;Natrona County Intl;WY;USA;Casper
HLN;Helena Regional;MT;USA;Helena
FCA;Glacier Park Intl;MT;USA;Kalispell
JAC;Jackson Hole;WY;USA;Jackson
LWS;Lewiston-Nez Perce County;ID;USA;Lewiston
PSC;Tri-Cities;WA;USA;Pasco
IDA;Idaho Falls Regional;ID;USA;Idaho Falls
ACV;Arcata;CA;USA;Arcata/Eureka
COD;Yellowstone Regional;WY;USA;Cody
BTM;Bert Mooney;MT;USA;Butte
EUG;Mahlon Sweet;OR;USA;Eugene
GTF;Great Falls Intl;MT;USA;Great Falls
MSO;Missoula International;MT;USA;Missoula
MFR;Rogue Valley International;OR;USA;Medford
RDM;Roberts;OR;USA;Redmond
BFL;Meadows;CA;USA;Bakersfield
IYK;Inyokern;CA;USA;Inyokern
SMX;Santa Maria Pub/Capt G Allan Hancock;CA;USA;Santa Maria
OXR;Oxnard;CA;USA;Oxnard
RDD;Redding Municipal;CA;USA;Redding
PMD;Palmdale Production Flight;CA;USA;Palmdale
CEC;Jack McNamara;CA;USA;Crescent City
SGU;St George Muni;UT;USA;St George
MOD;Modesto City-County-Harry Sham;CA;USA;Modesto
YUM;Yuma MCAS-Yuma International;AZ;USA;Yuma
OTH;North Bend Muni;OR;USA;North Bend
CIC;Chico Municipal;CA;USA;Chico
CLD;MC Clellan-Palomar Airport;NA;USA;NA
LMT;Klamath Falls International;OR;USA;Klamath Falls
IPL;Imperial County;CA;USA;Imperial
MTJ;Montrose Regional;CO;USA;Montrose
LNK;Lincoln Municipal;NE;USA;Lincoln
SPI;Capital;IL;USA;Springfield
ASE;Aspen-Pitkin Co/Sardy;CO;USA;Aspen
HDN;Yampa Valley;CO;USA;Hayden
CDC;Cedar City Muni;UT;USA;Cedar City
EKO;Elko Regional;NV;USA;Elko
PIH;Pocatello Regional;ID;USA;Pocatello
TWF;Joslin Field - Magic Valley;ID;USA;Twin Falls
GCC;Gillette-Campbell County;WY;USA;Gillette
RKS;Rock Springs-Sweetwater County;WY;USA;Rock Springs
ISP;Long Island - MacArthur;NY;USA;Islip
HRL;Valley International;TX;USA;Harlingen
LCH;Lake Charles Regional;LA;USA;Lake Charles
BRO;Brownsville/S.Padre Island International;TX;USA;Brownsville
FLG;Flagstaff Pulliam;AZ;USA;Flagstaff
DRO;Durango-La Plata County;CO;USA;Durango
GUC;Gunnison County;CO;USA;Gunnison
