N335AA;1987;0
N352AA;1988;1
N319AA;1985;0
N5FSAA;;
N583AA;1991;2
N473AA;1988;2
N5FHAA;;
N5EGAA;;
N219AA;1983;2
N3DGAA;;
N477AA;1988;2
N550AA;1964;3
N446AA;1987;2
N584AA;1991;2
N504AA;;
N4WWAA;;
N5BTAA;;
N586AA;1991;2
N5ERAA;;
N329AA;1987;0
N320AA;1985;0
N321AA;1986;0
N328AA;1986;0
N332AA;1987;0
N374AA;1992;1
N381AA;1956;4
N362AA;1988;1
N353AA;1988;1
N360AA;1988;1
N383AA;1972;5
N342AA;;
N336AA;1987;0
N322AA;1986;0
N391AA;1995;1
N339AA;1988;0
N323AA;;0
N325AA;1986;0
N338AA;1987;0
N327AA;1986;0
N376AA;1978;6
N371AA;1992;1
N5CKAA;;
N5CNAA;;
N5EKAA;;
N5DFAA;;
N5FDAA;;
N5DJAA;;
N5ECAA;;
N7AHAA;;
N7ARAA;;
N7ABAA;;
N375AA;1974;7
N382AA;;8
N3DAAA;;
N3DLAA;;
N3AKAA;;
N379AA;1993;1
N380AA;;9
N385AA;;
N7ALAA;;
N7BTAA;;
N348AA;;10
N399AA;;
N5EVAA;;
N5EWAA;;
N324AA;1986;0
N398AA;;
N356AA;;
N372AA;1992;1
N3DCAA;;
N3DHAA;;
N3BMAA;;
N354AA;1988;1
N377AA;;11
N3CYAA;;
N5ELAA;;
N621AA;1975;12
N5CSAA;;
N4YNAA;;
N592AA;1991;13
N565AA;1987;13
N384AA;1993;1
N5ESAA;;
N5FCAA;;
N628AA;1990;14
N5CJAA;;
N5CDAA;;
N5CAAA;;
N637AA;;15
N631AA;1990;14
N639AA;1991;14
N5EEAA;;
N5FAAA;;
N4WVAA;;
N4WDAA;;
N5DUAA;;
N5CGAA;;
N5EAAA;;
N5EDAA;;
N5DHAA;;
N5FBAA;;
N5EUAA;;
N390AA;1995;1
N388AA;1995;1
N345AA;1992;16
N5DEAA;;
N612AA;1989;14
N5EFAA;;
N635AA;1990;14
N617AA;;
N3BHAA;;
N3CWAA;;
N630AA;1990;14
N5ENAA;;
N5ETAA;;
N5CUAA;;
N5DAAA;;
N367AA;;
N5EHAA;;
N358AA;1988;1
N624AA;1990;14
N549AA;;
N492AA;1989;2
N440AA;1987;2
N369AA;1992;1
N397AA;;
N363AA;1988;1
N7AGAA;;
N7BUAA;;
N578AA;1991;2
N533AA;;
N200AA;;
N4WKAA;;
N4YDAA;;
N5FJAA;;
N5CPAA;;
N5BSAA;;
N3AMAA;;
N3AEAA;;
N287AA;1985;2
N465AA;;
N266AA;1985;2
N4UBAA;;
N227AA;1983;2
N3DJAA;;
N3CPAA;;
N5CCAA;;
N5FKAA;;
N5CYAA;;
N214AA;1983;2
N505AA;1989;2
N208AA;1983;2
N457AA;1988;2
N469AA;1988;2
N524AA;;
N554AA;1991;2
N517AA;;
N471AA;1988;2
N423AA;1986;2
N241AA;1984;2
N458AA;1988;2
N506AA;;
N3AJAA;;
N3BTAA;;
N3CVAA;;
N546AA;;
N244AA;1984;2
N4WUAA;;
N589AA;1991;13
N587AA;1991;2
N472AA;1988;2
N579AA;1991;2
N576AA;1991;2
N4UCAA;;
N510AA;1982;17
N563AA;1987;13
N562AA;1987;13
N202AA;1980;18
N3DDAA;;
N3BXAA;;
N3BVAA;;
N237AA;1984;2
N249AA;1984;2
N419AA;1986;2
N4XRAA;;
N596AA;1992;13
N456AA;1988;2
N271AA;1985;2
N598AA;1992;13
N4YSAA;;
N494AA;1989;2
N248AA;1984;2
N486AA;1988;2
N622AA;1990;14
N434AA;1987;13
N4YEAA;;
N3BNAA;;
N559AA;1991;2
N497AA;1989;2
N3ALAA;;
N3CNAA;;
N4WYAA;;
N532AA;;
N474AA;1974;12
N488AA;1988;2
N536AA;;
N585AA;1991;2
N595AA;1992;13
N566AA;1987;13
N449AA;1987;2
N279AA;1985;2
N542AA;;
N278AA;1985;2
N516AA;;
N540AA;;
N4XAAA;;
N234AA;1983;2
N5EMAA;;
N5FEAA;;
N5CEAA;;
N4XWAA;;
N507AA;1997;15
N561AA;1991;2
N557AA;1993;19
N403AA;;
N518AA;;
N526AA;;
N236AA;1984;2
N529AA;;
N3CGAA;;
N3CHAA;;
N3CSAA;;
N528AA;;
N233AA;1983;2
N468AA;1988;2
N481AA;1988;2
N436AA;1987;13
N4XXAA;;
N572AA;1987;13
N3BYAA;;
N3BPAA;;
N555AA;;
N537AA;;
N489AA;1989;2
N5DVAA;;
N5BYAA;;
N632AA;1990;14
N3BRAA;;
N3CEAA;;
N541AA;1982;20
N464AA;1988;2
N520AA;;
N448AA;1987;2
N538AA;;
N558AA;1991;2
N495AA;1989;2
N421AA;1962;18
N484AA;1988;2
N5DYAA;;
N638AA;1991;14
N445AA;1987;2
N451AA;1987;2
N4XDAA;;
N521AA;;
N3AWAA;;
N3CXAA;;
N3CCAA;;
N343AA;1979;10
N378AA;1963;21
N4WPAA;;
N515AA;;
N413AA;1986;2
N5CBAA;;
N455AA;1988;2
N478AA;1988;2
N4WJAA;;
N509AA;;15
N490AA;1989;2
N482AA;1988;2
N502AA;;
N3CFAA;;
N3BEAA;;
N575AA;1963;22
N560AA;;
N258AA;1985;2
N614AA;1989;14
N5FPAA;;
N483AA;;
N410AA;1986;2
N443AA;1987;2
N590AA;1991;13
N5CXAA;;
N641AA;1991;14
N460AA;1988;2
N459AA;1988;2
N439AA;1987;13
N4YTAA;;
N418AA;1986;2
N245AA;1984;2
N4YCAA;;
N4YJAA;;
N4XEAA;;
N613AA;1989;14
N357AA;1988;1
N463AA;1988;2
N290AA;1985;2
N487AA;1988;2
N3AGAA;;
N3CTAA;;
N4YKAA;;
N3AUAA;;
N3DFAA;;
N408AA;1986;2
N401AA;;23
N3ASAA;;
N3CAAA;;
N3APAA;;
N3BFAA;;
N527AA;;
N544AA;2007;24
N253AA;;
N581AA;1991;2
N551AA;1985;11
N444AA;1973;25
N246AA;1984;2
N5DKAA;;
N4XNAA;;
N4WAAA;;
N591AA;1991;13
N4XCAA;;
N433AA;1987;13
N4WMAA;;
N350AA;1980;26
N3DKAA;;
N508AA;1975;27
N564AA;1987;13
N539AA;;
N4XHAA;;
N4WXAA;;
N567AA;1959;28
N274AA;1984;2
N597AA;1992;13
N4YBAA;;
N588AA;1991;13
N255AA;1984;2
N417AA;1986;2
N574AA;1991;2
N427AA;1986;2
N201AA;1959;29
N5EPAA;;
N620AA;1990;14
N553AA;1991;2
N4WBAA;;
N599AA;1992;13
N3ATAA;;
N3BBAA;;
N223AA;1983;2
N4XMAA;;
N461AA;1988;2
N3BUAA;;
N3BDAA;;
N3CMAA;;
N503AA;;
N3CJAA;;
N3BCAA;;
N4XJAA;;
N4XBAA;;
N4XSAA;;
N582AA;1991;2
N425AA;1968;30
N441AA;1987;2
N522AA;;
N543AA;;
N5FMAA;;
N4YAAA;;
N479AA;1988;2
N496AA;1989;2
N3BJAA;;
N627AA;1990;14
N642AA;1991;14
N467AA;1988;2
N4YGAA;;
N355AA;1988;1
N570AA;1987;13
N593AA;1991;13
N424AA;1986;2
N577AA;1991;2
N3ABAA;;
N3ANAA;;
N437AA;1987;13
N435AA;1987;13
N4XFAA;;
N4XPAA;;
N4XGAA;;
N4YRAA;;
N415AA;1986;2
N545AA;1976;31
N3CBAA;;
N5FRAA;;
N4YHAA;;
N4XTAA;;
N431AA;1986;2
N4XLAA;;
N569AA;1987;13
N5DCAA;;
N485AA;1988;2
N618AA;1989;14
N411AA;1986;2
N293AA;1985;2
N580AA;1991;2
N082AA;;
N5FGAA;;
N3AFAA;;
N4WNAA;;
N556AA;1991;2
N412AA;1986;2
N5FFAA;;
N5EYAA;;
N4XKAA;;
N514AA;;
N4WSAA;;
N5CFAA;;
N5CVAA;;
N067AA;;
N075AA;;
N462AA;1988;2
N4WRAA;;
N292AA;1985;2
N480AA;1988;2
N512AA;;
N5CHAA;;
N619AA;1990;14
N370AA;1992;1
N4YMAA;;
N3CRAA;;
N525AA;1980;26
N3ARAA;;
N3AAAA;;
N3CDAA;;
N5BWAA;;
N5FLAA;;
N519AA;1979;32
N643AA;1991;14
N4YFAA;;
N3AHAA;;
N450AA;1987;2
N501AA;1989;2
N232AA;1983;2
N3BLAA;;
N3DEAA;;
N5DNAA;;
N5DDAA;;
N611AA;1985;33
N625AA;1990;14
N5CTAA;;
N5DGAA;;
N4XVAA;;
N420AA;1986;2
N453AA;1988;2
N535AA;;
N5CRAA;;
N060AA;;
N416AA;1986;2
N7BGAA;;
N3BSAA;;
N594AA;1992;13
N438AA;1987;13
N4XUAA;;
N5BUAA;;
N5FNAA;;
N432AA;1987;2
N470AA;1988;2
N511AA;;
N523AA;1968;34
N568AA;1987;13
N552AA;1991;2
N571AA;1987;13
N454AA;1987;2
N4YLAA;;
N259AA;1985;2
N5BRAA;;
N616AA;1989;14
N447AA;1987;2
N475AA;1988;2
N3BWAA;;
N3DBAA;;
N633AA;1990;14
N5CWAA;;
N442AA;1987;2
N534AA;;
N3BKAA;;
N071AA;;
N066AA;;
N079AA;;
N5DLAA;;
N5FTAA;;
N073AA;;
N059AA;;
N084AA;;
N051AA;;
N5EBAA;;
N623AA;1990;14
N3BAAA;;
N3BGAA;;
N3AVAA;;
N3CKAA;;
N242AA;1984;2
N610AA;1989;14
N531AA;;
N547AA;1985;11
N5BVAA;;
N636AA;;
N5DWAA;;
N5DBAA;;
N3ACAA;;
N452AA;1988;2
N491AA;1989;2
N548AA;;
N430AA;1986;2
N476AA;1988;2
N5DTAA;;
N3CUAA;;
N3CLAA;;
N4WLAA;;
N466AA;1988;2
N426AA;1986;2
N414AA;;
N298AA;1985;2
N4YPAA;;
N573AA;1991;2
N422AA;1986;2
N076AA;;
N069AA;;
N081AA;;
N063AA;;
N5CMAA;;
N5DSAA;;
N5DPAA;;
N080AA;;
N4XYAA;;
N626AA;1990;14
N3AYAA;;
N7CCAA;;
N493AA;1989;2
N077AA;;
N083AA;;
N387AA;;
N359AA;1988;1
N064AA;;
N5EXAA;;
N394AA;2007;35
N765AS;1992;36
N762AS;1992;36
N596AS;;37
N508AS;;
N506AS;;
N565AS;2006;37
N553AS;2006;37
N568AS;2007;37
N594AS;2008;37
N513AS;;
N548AS;2005;37
N588AS;2007;37
N564AS;2006;37
N592AS;2008;37
N590AS;;37
N566AS;2007;37
N569AS;2007;37
N562AS;2006;37
N556AS;2006;37
N552AS;2006;37
N589AS;2007;37
N558AS;2006;37
N323AS;2004;38
N593AS;2008;37
N586AS;2007;37
N549AS;2005;39
N560AS;2006;37
N581AS;2007;37
N563AS;2006;37
N305AS;2001;38
N317AS;2003;38
N546AS;2005;37
N306AS;2001;38
N796AS;1998;40
N763AS;1992;36
N799AS;1998;40
N772AS;1993;36
N768AS;1992;40
N775AS;1993;36
N627AS;2001;41
N794AS;1998;40
N774AS;1993;36
N764AS;1992;36
N769AS;1993;36
N783AS;1994;36
N705AS;1998;40
N756AS;1992;36
N784AS;1996;36
N793AS;1998;40
N708AS;1999;40
N613AS;1999;41
N617AS;2000;41
N703AS;1998;40
N771AS;1993;36
N579AS;2007;37
N551AS;2006;37
N614AS;1999;41
N309AS;2001;38
N791AS;1997;40
N587AS;;37
N570AS;2007;37
N597AS;;
N559AS;2006;37
N315AS;2002;38
N318AS;2003;38
N755AS;1992;36
N302AS;2003;38
N514AS;;
N307AS;2001;38
N303AS;2001;38
N797AS;1998;40
N713AS;1999;40
N773AS;1993;36
N583AS;2007;37
N585AS;2007;37
N557AS;2006;37
N754AS;1992;36
N776AS;1994;36
N786AS;1990;42
N779AS;1994;36
N612AS;1999;41
N785AS;1997;36
N778AS;1994;36
N320AS;2003;38
N788AS;1997;40
N706AS;1998;40
N512AS;;
N792AS;1997;40
N618AS;2000;41
N626AS;2001;41
N607AS;1999;41
N611AS;1999;41
N644AS;2003;41
N619AS;2000;41
N615AS;2000;41
N625AS;2001;41
N649AS;2003;41
N648AS;;
N622AS;2000;41
N624AS;2000;41
N584AS;2007;37
N577AS;2007;37
N609AS;1999;41
N598JB;2004;43
N623JB;2005;43
N582JB;2003;43
N655JB;2007;43
N635JB;2006;43
N509JB;2000;43
N558JB;2003;43
N294JB;;
N594JB;2004;43
N715JB;;
N585JB;2004;43
N589JB;2004;43
N653JB;2007;43
N644JB;2006;43
N599JB;2004;43
N625JB;2005;43
N648JB;2006;43
N597JB;2004;43
N746JB;;
N624JB;2005;43
N584JB;;
N658JB;2007;43
N554JB;2002;43
N612JB;2005;43
N708JB;;
N639JB;2006;43
N729JB;;
N615JB;2005;43
N656JB;2007;43
N613JB;2005;43
N190JB;2005;44
N292JB;;
N608JB;2005;43
N603JB;2005;43
N634JB;2006;43
N504JB;1999;43
N641JB;2006;43
N524JB;2001;43
N665JB;2007;43
N637JB;2006;43
N712JB;;
N605JB;2005;43
N662JB;2007;43
N258JB;2006;44
N192JB;2005;44
N216JB;2006;44
N184JB;2005;44
N231JB;2006;44
N249JB;2006;44
N565JB;2003;43
N579JB;2003;43
N529JB;2001;43
N633JB;2006;43
N581JB;2003;43
N590JB;2004;43
N636JB;2006;43
N621JB;2005;43
N629JB;2005;43
N197JB;2006;44
N517JB;2000;43
N651JB;2007;43
N593JB;2004;43
N547JB;2002;43
N506JB;2000;43
N595JB;2004;43
N703JB;2008;43
N562JB;2003;43
N583JB;2004;43
N632JB;2006;43
N559JB;2003;43
N646JB;2006;43
N536JB;2002;43
N563JB;2003;43
N569JB;2003;43
N706JB;2008;43
N571JB;2003;43
N561JB;2003;43
N203JB;2006;44
N206JB;2006;44
N266JB;2007;44
N564JB;2003;43
N591JB;2004;43
N247JB;2006;44
N183JB;2005;44
N606JB;2005;43
N618JB;2005;43
N709JB;;
N663JB;2007;43
N523JB;2001;43
N645JB;2006;43
N510JB;2000;43
N519JB;2001;43
N661JB;2007;43
N657JB;2007;43
N566JB;2003;43
N534JB;2002;43
N587JB;2004;43
N652JB;2007;43
N284JB;;44
N281JB;2007;44
N178JB;2005;44
N627JB;2005;43
N586JB;2004;43
N592JB;2004;43
N705JB;2008;43
N552JB;2002;43
N570JB;2003;43
N520JB;2001;43
N580JB;2003;43
N568JB;2003;43
N649JB;2006;43
N265JB;2006;44
N193JB;2005;44
N267JB;2007;44
N505JB;2000;43
N607JB;2005;43
N588JB;2004;43
N638JB;2006;43
N630JB;2005;43
N643JB;2006;43
N187JB;2005;44
N640JB;2006;43
N274JB;2007;44
N273JB;2007;44
N289JB;;44
N229JB;2006;44
N279JB;2007;44
N236JB;2006;44
N179JB;2005;44
N198JB;2006;44
N535JB;2002;43
N283JB;2007;44
N238JB;;44
N57111;1994;45
N76514;;
N76064;2002;46
N76065;2002;46
N77066;2002;46
N17122;1997;45
N29124;1998;45
N13110;1994;45
N26210;1998;47
N75426;;
N77295;2005;47
N17620;1994;48
N11612;1994;48
N16646;1997;48
N76503;;47
N18223;1998;47
N75410;2001;49
N68061;2002;46
N66051;2000;46
N67058;2002;46
N67052;2000;46
N19141;2000;45
N12114;1995;45
N41140;2000;45
N19136;1999;45
N14118;1997;45
N13113;1995;45
N14107;1994;45
N21108;1994;45
N17105;1994;45
N33103;1994;45
N39415;2008;50
N47414;;50
N73276;2002;47
N18220;1998;47
N54241;1999;47
N38257;2000;47
N34137;1999;45
N19130;1998;45
N76153;2000;51
N73152;2000;51
N76504;2006;47
N57868;2002;52
N57864;2001;52
N33294;2005;47
N72405;2001;49
N77303;1985;53
N78866;2002;52
N77865;2002;52
N17139;2000;45
N67158;2001;51
N78506;2006;47
N13720;1999;54
N13138;1999;45
N33132;1998;45
N16234;1999;47
N78285;2004;47
N77258;2000;47
N69063;2002;46
N11206;2000;47
N37273;2001;47
N77296;2005;47
N12218;1998;47
N17126;1998;45
N14102;1994;45
N37277;2002;47
N35271;2001;47
N17644;1997;48
N19621;1994;48
N39423;;
N39418;2008;50
N38424;;
N37263;2001;47
N33266;2001;47
N73270;2001;47
N76508;2008;47
N27239;1999;47
N37420;;50
N39726;1999;54
N37419;2008;50
N87507;;47
N77510;;47
N33286;2004;47
N67157;2001;51
N76151;2000;51
N23721;1999;54
N13716;1998;54
N77261;2001;47
N37252;2000;47
N24211;1998;47
N37408;2001;49
N31412;2002;49
N37293;2005;47
N33289;2004;47
N73299;2005;47
N24715;1998;54
N33292;;47
N73283;2004;47
N69602;1994;48
N24702;1998;54
N27733;1999;54
N14237;1999;47
N16732;1999;54
N75858;2004;55
N10323;1986;53
N16649;1997;48
N14629;1965;48
N24633;1995;48
N39416;2008;50
N12238;1999;47
N33284;2004;47
N73259;2001;47
N14735;1999;54
N76505;;47
N37290;2004;47
N16709;1998;54
N33714;1998;54
N14214;1998;47
N37287;2004;47
N17245;1999;47
N37422;;
N37413;;50
N75425;;
N26208;2000;47
N27213;1998;47
N35204;2000;47
N76288;2004;47
N68160;2001;51
N38403;2001;49
N68155;2001;51
N78004;1998;56
N13750;1999;54
N69603;1994;48
N14645;1997;48
N12116;1996;45
N33203;2000;47
N27724;1999;54
N52616;1994;48
N14605;1994;48
N32404;2001;49
N75853;2002;55
N75854;2002;55
N19638;1997;48
N24202;2000;47
N36247;1999;47
N24736;1999;54
N16217;1998;47
N14242;1999;47
N17244;1999;47
N12225;1998;47
N69333;1986;53
N14320;1986;53
N17356;1988;53
N12318;1986;53
N17344;1987;53
N14231;1999;47
N24224;1998;47
N37274;2002;47
N14336;1987;53
N76502;2006;47
N59302;1985;53
N12319;1986;53
N73406;2001;49
N37615;1994;48
N14358;1988;53
N16301;1985;53
N32626;1995;48
N33262;2001;47
N18243;1999;47
N76515;;
N14219;1998;47
N59338;1987;53
N17345;1987;53
N24706;1998;54
N37267;2001;47
N73256;2000;47
N14639;1997;48
N14731;1999;54
N23707;1998;54
N16617;;
N14250;1999;47
N17627;1995;48
N17640;1997;48
N12322;1986;53
N37281;2003;47
N14106;1994;45
N58101;1994;45
N61304;1985;53
N78501;2006;47
N76517;;
N54711;1998;54
N17719;1999;54
N36207;2000;47
N75851;2001;55
N57863;2001;52
N27421;;
N73275;2002;47
N14628;1995;48
N26123;1997;45
N17104;1994;45
N12109;1994;45
N37253;2000;47
N18611;1994;48
N48127;1998;45
N76269;2001;47
N17233;1999;47
N76254;2000;47
N12313;1985;53
N15710;1998;54
N16632;1995;48
N57852;2001;55
N16703;1998;54
N14652;1998;48
N37255;2000;47
N39297;2005;47
N24729;1999;54
N87512;;
N17730;1999;54
N14308;1985;53
N35407;2001;49
N37409;2001;49
N34282;2004;47
N73278;;47
N12125;1998;45
N21723;1999;54
N69311;1985;53
N30401;2001;49
N38417;2008;50
N56859;2004;55
N29717;1999;54
N57855;2004;55
N34131;1998;45
N74856;2004;55
N76516;;
N39728;1999;54
N70352;1987;53
N14341;1987;53
N11651;1997;48
N35260;2001;47
N16701;1998;54
N63305;1985;53
N25705;1998;54
N12221;1998;47
N16713;1998;54
N73291;2004;47
N17229;1999;47
N13718;1999;54
N38268;2001;47
N23708;1998;54
N33264;2001;47
N57869;2002;52
N14604;1994;48
N13624;1995;48
N14653;1998;48
N57857;2004;55
N75861;2001;52
N29129;1998;45
N67134;1999;45
N14324;1986;53
N41135;1999;45
N77867;2002;52
N13248;1999;47
N17614;;
N12216;1998;47
N14230;1999;47
N16647;1997;48
N37298;2005;47
N27722;1999;54
N78511;;
N19623;1995;48
N26215;1998;47
N14601;1994;48
N24212;1998;47
N76156;2001;51
N17619;1994;48
N18119;1997;45
N69059;2002;46
N73251;2000;47
N36280;2003;47
N78509;2008;47
N37427;;
N14704;1998;54
N14609;1994;48
N15712;1998;54
N14335;1986;53
N58606;1994;48
N16648;1997;48
N46625;1995;48
N36272;2001;47
N38727;1999;54
N27734;1999;54
N87513;;
N76265;2001;47
N27205;2000;47
N79279;2003;47
N3753;2001;57
N675DL;1992;58
N3757D;2001;57
N659DL;1990;58
N127DL;1988;59
N3743H;2001;57
N909DE;1992;60
N916DE;1993;60
N920DL;1988;60
N983DL;1991;60
N921DL;1988;60
N752AT;1984;61
N709TW;1997;62
N710TW;1997;62
N713TW;1997;62
N3769L;2002;57
N3760C;2001;57
N3762Y;2001;57
N951DL;1990;60
N918DE;1993;60
N939DL;1989;60
N3749D;2001;57
N676DL;1992;58
N632DL;1987;58
N647DL;1989;58
N144DA;1999;59
N125DL;1988;59
N67171;2001;58
N693DL;1998;58
N687DL;1998;58
N961DL;1990;60
N988DL;1991;60
N6709;2000;58
N639DL;1988;58
N612DL;1985;58
N1612T;2001;59
N652DL;1989;58
N6708D;2000;58
N677DL;1992;58
N649DL;1989;58
N621DL;1986;58
N681DA;1993;58
N690DL;1998;58
N617DL;1986;58
N619DL;1986;58
N382DA;1999;57
N666DN;1991;58
N915DL;1988;60
N834MH;2000;63
N830MH;2000;63
N828MH;2000;63
N938DL;1989;60
N960DL;1990;60
N973DL;1991;60
N910DL;1987;60
N923DL;1988;60
N972DL;1991;60
N3750D;2001;57
N3738B;2000;57
N3742C;2001;57
N389DA;2000;57
N377DA;1999;57
N660DL;1990;58
N838MH;2001;63
N900PC;1997;64
N721TW;1999;65
N3752;2001;57
N391DA;2000;57
N6706Q;2000;58
N665DN;1991;58
N664DN;1991;58
N646DL;1989;58
N907DL;1987;60
N3754A;2001;57
N386DA;1999;57
N908DA;1995;66
N910DN;1995;66
N121DE;1987;59
N6700;1999;58
N139DL;1992;59
N138DL;1991;59
N626DL;1987;58
N124DE;1987;59
N905DA;1995;66
N903DA;1995;66
N135DL;1991;59
N129DL;1988;59
N380DA;1999;57
N631DL;1987;58
N912DL;1987;60
N931DL;1988;60
N985DL;1991;60
N636DL;1988;58
N635DL;1988;58
N668DN;1991;58
N624DL;1987;58
N833MH;2000;63
N831MH;2000;63
N6705Y;2000;58
N654DL;1990;58
N658DL;1990;58
N618DL;1986;58
N616DL;1986;58
N126DL;1988;59
N625DL;1987;58
N663DN;1991;58
N3735D;2000;57
N757AT;1984;61
N6716C;2001;58
N695DL;;
N6710E;2000;58
N6701;1999;58
N128DL;1988;59
N641DL;1988;58
N750AT;1984;61
N696DL;;
N6704Z;2000;58
N683DA;1993;58
N642DL;1988;58
N674DL;1992;58
N996DL;1991;60
N919DL;1988;60
N6711M;2000;58
N656DL;1990;58
N905DE;1992;60
N718TW;1999;65
N395DN;2000;57
N3744D;1957;67
N704X;1997;62
N723TW;;
N962DL;1990;60
N3764D;2001;57
N3745B;2001;57
N906DL;1987;60
N603DL;1984;58
N130DL;1988;59
N137DL;1991;59
N372DA;1998;57
N3765;2001;57
N3756;2001;57
N829MH;2000;63
N678DL;1998;58
N751AT;1984;61
N131DN;1990;59
N684DA;1993;58
N644DL;1989;58
N3763D;2001;57
N672DL;1992;58
N378DA;1999;57
N387DA;2000;57
N3761R;2001;57
N655DL;1990;58
N6715C;2001;58
N648DL;1989;58
N608DA;1985;58
N670DN;1992;58
N1501P;1990;68
N679DA;1992;58
N3746H;2001;57
N6702;1999;58
N1613B;2001;59
N1611B;2000;59
N16065;1999;59
N185DN;1995;59
N196DN;1997;59
N178DZ;2000;59
N174DZ;1998;59
N1608;2000;59
N673DL;1992;58
N947DL;1989;60
N925DL;1988;60
N832MH;2000;63
N3739P;;
N3740C;2000;57
N930DL;1988;60
N993DL;1991;60
N936DL;1989;60
N904DE;1992;60
N3741S;2001;57
N3730B;2000;57
N662DN;1991;58
N671DN;1992;58
N634DL;1988;58
N667DN;1991;58
N136DL;1991;59
N627DL;1987;58
N957DL;1990;60
N992DL;1991;60
N999DN;1992;60
N37700;2002;57
N3748Y;2001;57
N3758Y;2001;57
N3747D;2001;57
N3737C;2000;57
N3755D;2001;57
N933DL;1989;60
N982DL;1991;60
N932DL;1989;60
N926DL;1988;60
N904DL;1987;60
N981DL;1991;60
N950DL;1990;60
N3732J;2000;57
N987DL;1991;60
N998DL;1992;60
N3768;2002;57
N903DE;1992;60
N978DL;1991;60
N3733Z;2000;57
N385DN;1999;57
N685DA;1995;58
N6703D;2000;58
N615DL;1986;58
N717TW;1999;65
N989DL;1991;60
N977DL;1991;60
N909DL;1987;60
N3751B;2001;57
N914DL;1988;60
N917DL;1988;60
N964DL;1990;60
N396DA;2000;57
N383DN;1999;57
N371DA;1998;57
N633DL;1987;58
N630DL;1987;58
N669DN;1991;58
N907DE;1992;60
N645DL;1989;58
N653DL;1990;58
N934DL;1989;60
N955DL;1990;60
N661DN;1990;58
N640DL;1988;58
N722TW;1999;65
N946DL;1989;60
N963DL;1990;60
N913DL;1988;60
N686DA;1995;58
N688DL;1998;58
N689DL;1998;58
N945DL;1989;60
N901DE;1992;60
N954DL;1990;60
N900DE;1992;60
N944DL;1989;60
N692DL;1998;58
N924DL;1988;60
N657DL;1990;58
N637DL;1988;58
N6714Q;2000;58
N398DA;2000;57
N376DA;1999;57
N949DL;1990;60
N909DA;1995;66
N698DL;1999;58
N303DQ;;
N694DL;;
N699DL;1999;58
N609DL;1985;58
N927DA;1988;60
N6707A;2000;58
N906DE;1992;60
N394DA;2000;57
N920DE;1993;60
N6712B;2000;58
N912DN;1996;66
N623DL;1987;58
N622DL;1986;58
N942DL;1989;60
N979DL;1991;60
N629DL;1987;58
N948DL;1989;60
N952DL;1990;60
N901DA;1995;66
N943DL;1989;60
N975DL;1991;60
N958DL;1990;60
N976DL;1991;60
N991DL;1991;60
N994DL;1991;60
N916DL;1988;60
N995DL;1991;60
N928DL;1988;60
N941DL;1989;60
N986DL;1991;60
N953DL;1990;60
N997DL;1992;60
N917DE;1993;60
N918DL;1988;60
N969DL;1990;60
N651DL;1989;58
N643DL;1989;58
N984DL;1991;60
N628DL;1987;58
N904DA;1995;66
N914DN;1996;66
N902DA;1994;66
N3767;2001;57
N301DQ;;
N6713Y;2000;58
N959DL;1990;60
N397DA;2000;57
N379DA;1999;57
N143DA;1998;59
N140LL;1993;59
N302DQ;;
N697DL;1999;58
N911DL;1987;60
N902DE;1992;60
N919DE;1993;60
N935DL;1989;60
N610DL;1985;58
N682DA;1993;58
N3736C;2000;57
N3731T;2000;57
N974DL;1991;60
N980DL;1991;60
N990DL;1991;60
N392DA;2000;57
N374DA;1998;57
N390DA;2000;57
N175DN;1990;59
N393DA;2000;57
N906DA;1995;66
N916DN;1996;66
N304DQ;;
N907DA;1995;66
N915DN;1996;66
N3759;2001;57
N399DA;2000;57
N956DL;1990;60
N913DN;1996;66
N375DA;1998;57
N911DA;1995;66
N384DA;1999;57
N937DL;1989;60
N388DA;2000;57
N727TW;;
N3734B;2000;57
N922DL;1988;60
N940DL;1989;60
N965DL;1990;60
N913DE;1993;60
N911DE;1992;60
N910DE;1992;60
N915DE;1993;60
N914DE;1993;60
N908DE;1992;60
N604DL;1984;58
N908DL;1987;60
N1402A;1993;59
N3771K;2002;57
N373DA;1998;57
N602DL;1984;58
N705TW;1997;65
N680DA;1992;58
N681BR;2002;69
N708EV;2002;70
N931EV;2005;69
N718EV;2003;70
N710EV;2002;70
N748EV;2004;70
N751EV;2004;70
N758EV;2005;70
N874AS;2001;69
N902EV;2002;69
N847AS;1999;69
N317CA;2002;70
N981EV;2003;69
N851AS;1999;69
N686BR;2003;69
N740EV;2004;70
N682BR;2002;69
N825AS;1997;69
N908EV;2002;69
N834AS;1998;69
N839AS;1999;69
N929EV;2004;69
N920EV;2003;69
N974EV;2001;69
N823AS;1997;69
N376CA;2003;70
N970EV;2001;69
N867AS;2000;69
N824AS;1997;69
N919EV;2003;69
N903EV;2002;69
N928EV;2004;69
N923EV;2003;69
N738EV;2004;70
N707EV;2002;70
N722EV;2003;70
N883AS;2001;69
N905EV;2002;69
N885AS;2001;69
N724EV;2004;70
N925EV;2003;69
N904EV;2002;69
N932EV;2005;69
N868AS;2001;69
N937EV;2005;69
N980EV;2003;69
N842AS;1999;69
N870AS;2001;69
N840AS;1999;69
N858AS;2000;69
N889AS;2001;69
N759EV;2005;70
N936EV;2005;69
N853AS;2000;69
N841AS;1999;69
N972EV;2001;69
N827AS;1997;69
N754EV;2004;70
N755EV;;70
N640AS;1994;71
N642AS;1994;71
N921EV;2003;69
N884AS;2001;69
N636AS;;72
N872AS;2001;69
N719EV;2003;70
N849AS;1999;69
N860AS;2000;69
N971EV;2001;69
N723EV;2004;70
N848AS;1999;69
N880AS;2002;69
N355CA;2002;70
N720EV;2003;70
N933EV;2005;69
N917EV;2003;69
N926EV;2003;69
N354CA;2002;70
N379CA;2003;70
N659CA;2004;70
N821AS;1997;69
N837AS;1998;69
N977EV;2002;69
N833AS;1998;69
N760EV;2005;70
N855AS;2000;69
N859AS;2000;69
N643AS;1994;71
N635AS;;72
N979EV;2003;69
N836AS;1998;69
N922EV;2003;69
N907EV;;69
N901EV;2002;69
N877AS;2001;69
N850AS;1999;69
N709EV;2002;70
N730EV;2004;70
N900EV;2002;69
N873AS;2001;69
N753EV;2004;70
N879AS;2002;69
N641AS;1994;71
N852AS;;69
N844AS;1999;69
N838AS;1998;69
N845AS;1999;69
N930EV;;69
N927EV;2003;69
N881AS;2001;69
N976EV;2001;69
N886AS;2001;69
N861AS;2000;69
N752EV;;70
N829AS;1998;69
N331CA;2002;70
N717EV;2003;70
N906EV;;69
N909EV;2002;69
N935EV;2005;69
N835AS;1998;69
N914EV;2003;69
N832AS;1998;69
N973EV;2002;69
N830AS;1998;69
N684BR;2002;69
N857AS;2000;69
N744EV;2004;70
N716EV;2003;70
N882AS;2001;69
N875AS;2001;69
N876AS;2001;69
N924EV;2003;69
N390CA;2003;70
N741EV;2004;70
N843AS;1999;69
N680BR;2002;69
N683BR;2002;69
N934EV;2005;69
N750EV;2004;70
N978EV;2002;69
N878AS;2002;69
N761ND;;
N905FR;2001;73
N930FR;2004;73
N940FR;;73
N931FR;2004;73
N915FR;2002;74
N928FR;2004;73
N924FR;2003;73
N933FR;2004;73
N945FR;2006;73
N925FR;2004;73
N935FR;2004;73
N801FR;2003;75
N802FR;2003;75
N805FR;2004;75
N902FR;2001;73
N918FR;2003;73
N806FR;2004;75
N908FR;2002;73
N923FR;2003;73
N926FR;2004;73
N919FR;2003;73
N809FR;2007;75
N904FR;2001;73
N939FR;2005;73
N807FR;2004;75
N942FR;2005;73
N812FR;2007;75
N804FR;2003;75
N946FR;2006;73
N808FR;2007;75
N810FR;2007;75
N937FR;2005;73
N912FR;2002;73
N948FR;2006;73
N934FR;2004;73
N906FR;2002;73
N947FR;2006;73
N803FR;2003;75
N929FR;2004;73
N922FR;2003;73
N913FR;2002;74
N916FR;2002;74
N938FR;2005;73
N936FR;2005;73
N941FR;2005;74
N921FR;2003;73
N910FR;2002;74
N949FR;2006;73
N927FR;2004;73
N914FR;2002;73
N943FR;2005;74
N201FR;;76
N202FR;2008;76
N965AT;2001;77
N930AT;2000;77
N919AT;2001;77
N149AT;2004;78
N316AT;2007;79
N126AT;2004;78
N288AT;2006;79
N169AT;2004;78
N300AT;2006;79
N328AT;;79
N276AT;2005;78
N337AT;2008;79
N307AT;2006;79
N330AT;2007;79
N972AT;2001;77
N922AT;2005;77
N934AT;2000;77
N994AT;2002;77
N892AT;2004;77
N952AT;2000;77
N329AT;2007;79
N273AT;2005;78
N167AT;2004;79
N326AT;2007;79
N267AT;2005;79
N173AT;2004;78
N992AT;2002;77
N969AT;2001;77
N950AT;2000;77
N996AT;2002;77
N983AT;;77
N281AT;2006;79
N344AT;2008;79
N982AT;2002;77
N971AT;2001;77
N998AT;2002;77
N272AT;2005;79
N308AT;2006;79
N979AT;2002;77
N921AT;2000;77
N995AT;2002;77
N291AT;2006;78
N278AT;2005;78
N336AT;2008;79
N279AT;2005;78
N287AT;2006;78
N312AT;2006;79
N920AT;2000;77
N985AT;2001;77
N949AT;1999;77
N166AT;2004;79
N299AT;2006;78
N284AT;2006;78
N955AT;2000;77
N928AT;2000;77
N894AT;2004;77
N990AT;2001;77
N978AT;2002;77
N968AT;2001;77
N980AT;2002;77
N338AT;2008;79
N168AT;2004;78
N296AT;2006;79
N961AT;2001;77
N953AT;2000;77
N944AT;1999;77
N970AT;2001;77
N935AT;2000;77
N989AT;2001;77
N997AT;2002;77
N959AT;2001;77
N977AT;2002;77
N933AT;2000;77
N947AT;1999;77
N986AT;2001;77
N906AT;2001;77
N945AT;1999;77
N899AT;2005;77
N993AT;2002;77
N313AT;2007;79
N318AT;2007;79
N311AT;2006;79
N926AT;2000;77
N938AT;;77
N925AT;2000;77
N175AT;2004;78
N184AT;2005;78
N966AT;2001;77
N315AT;2007;79
N292AT;2006;79
N289AT;2006;78
N240AT;2005;78
N290AT;2006;79
N929AT;2000;77
N923AT;2005;77
N960AT;2001;77
N942AT;1999;77
N717JL;2002;77
N936AT;1999;77
N967AT;2001;77
N927AT;;77
N987AT;2001;77
N176AT;2005;78
N309AT;2006;79
N283AT;2006;79
N956AT;2000;77
N891AT;2004;77
N940AT;1999;77
N991AT;;77
N954AT;2000;77
N948AT;1999;77
N964AT;2001;77
N988AT;2001;77
N895AT;2004;77
N951AT;2000;77
N958AT;2001;77
N974AT;2002;77
N939AT;;77
N603AT;2001;77
N932AT;2000;77
N957AT;2000;77
N943AT;1999;77
N261AT;2005;78
N910AT;2001;77
N915AT;2001;77
N937AT;2001;77
N896AT;2005;77
N285AT;2006;78
N946AT;1999;77
N893AT;2004;77
N981AT;2002;77
N924AT;2000;77
N975AT;2002;77
N963AT;2001;77
N174AT;2004;78
N295AT;2006;78
N475HA;2001;77
N594HA;1986;59
N585HA;;80
N596HA;1986;59
N592HA;2003;81
N583HA;;82
N584HA;;80
N593HA;2003;82
N582HA;2001;82
N598HA;1986;59
N581HA;2001;82
N588HA;2002;81
N591HA;2003;82
N587HA;2002;82
N597HA;1986;59
N589HA;2002;82
N590HA;2002;81
N586HA;;80
N477HA;2001;77
N486HA;2001;77
N483HA;;
N478HA;2001;77
N487HA;2001;77
N481HA;2001;77
N484HA;2001;77
N479HA;2001;77
N476HA;2001;77
N480HA;2001;77
N324MQ;;
N240MQ;;
N695MQ;;
N620MQ;;
N816MQ;;
N833MQ;;
N811MQ;;
N250MQ;;
N317MQ;;
N313MQ;;
N253MQ;;
N323MQ;;
N832MQ;;
N841MQ;;
N853MQ;;
N824MQ;;
N818MQ;;
N806MQ;;
N822MQ;;
N807MQ;;
N848MQ;;
N821MQ;;
N508MQ;;
N515MQ;;
N517MQ;;
N653MQ;;
N697MQ;;
N858MQ;;
N649MQ;;
N613MQ;;
N658MQ;;
N909MQ;;
N616MQ;;
N510MQ;;
N502MQ;;
N942MQ;;
N650MQ;;
N626MQ;;
N852MQ;;
N826MQ;;
N850MQ;;
N513MQ;;
N504MQ;;
N512MQ;;
N507MQ;;
N501MQ;;
N663MQ;;
N637MQ;;
N627MQ;;
N646MQ;;
N679MQ;;
N660MQ;;
N647MQ;;
N641MQ;;
N820MQ;;
N638MQ;;
N687MQ;;
N644MQ;;
N710MQ;;
N932MQ;;
N819MQ;;
N733MQ;;
N522MQ;;
N506MQ;;
N520MQ;;
N612MQ;;
N923MQ;;
N690MQ;;
N925MQ;;
N854MQ;;
N619MQ;;
N617MQ;;
N922MQ;;
N519MQ;;
N514MQ;;
N837MQ;;
N809MQ;;
N676MQ;;
N678MQ;;
N855MQ;;
N636MQ;;
N814MQ;;
N661MQ;;
N692MQ;;
N817MQ;;
N813MQ;;
N623MQ;;
N682MQ;;
N524MQ;;
N716MQ;;
N908MQ;;
N640MQ;;
N688MQ;;
N518MQ;;
N622MQ;;
N849MQ;;
N624MQ;;
N857MQ;;
N662MQ;;
N671MQ;;
N681MQ;;
N645MQ;;
N931MQ;;
N694MQ;;
N829MQ;;
N847MQ;;
N823MQ;;
N838MQ;;
N839MQ;;
N669MQ;;
N835MQ;;
N677MQ;;
N630MQ;;
N668MQ;;
N674MQ;;
N900MQ;;
N629MQ;;
N680MQ;;
N634MQ;;
N673MQ;;
N643MQ;;
N639MQ;;
N614MQ;;
N500MQ;;
N689MQ;;
N655MQ;;
N670MQ;;
N509MQ;;
N941MQ;;
N918MQ;;
N698MQ;;
N635MQ;;
N652MQ;;
N693MQ;;
N621MQ;;
N633MQ;;
N618MQ;;
N684MQ;;
N828MQ;;
N720MQ;;
N516MQ;;
N683MQ;;
N672MQ;;
N656MQ;;
N631MQ;;
N523MQ;;
N667MQ;;
N657MQ;;
N675MQ;;
N928MQ;;
N935MQ;;
N907MQ;;
N615MQ;;
N696MQ;;
N691MQ;;
N699MQ;;
N503MQ;;
N844MQ;;
N939MQ;;
N902MQ;;
N505MQ;;
N625MQ;;
N933MQ;;
N628MQ;;
N665MQ;;
N845MQ;;
N610MQ;;
N632MQ;;
N651MQ;;
N685MQ;;
N686MQ;;
N659MQ;;
N709MQ;;
N664MQ;;
N808MQ;;
N831MQ;;
N830MQ;;
N834MQ;;
N718MQ;;
N803MQ;;
N648MQ;;
N722MQ;;
N804MQ;;
N712MQ;;
N856MQ;;
N711MQ;;
N812MQ;;
N702MQ;;
N842MQ;;
N810MQ;;
N738MQ;;
N728MQ;;
N840MQ;;
N800MQ;;
N805MQ;;
N815MQ;;
N843MQ;;
N802MQ;;
N715MQ;;
N725MQ;;
N724MQ;;
N705MQ;;
N836MQ;;
N846MQ;;
N801MQ;;
N721MQ;;
N827MQ;;
N719MQ;;
N703MQ;;
N706MQ;;
N723MQ;;
N713MQ;;
N708MQ;;
N707MQ;;
N851MQ;;
N717MQ;;
N595NW;2003;83
N358NW;1998;84
N338NW;1992;84
N353NB;2002;85
N818NW;2007;86
N331NW;1992;87
N771NC;1978;88
N784NC;1980;88
N785NC;1980;88
N779NC;1979;88
N324US;1992;87
N361NW;1998;84
N367NW;1999;84
N337NW;1992;84
N309US;1990;87
N372NW;2001;84
N356NW;1998;84
N376NW;2002;84
N351NW;1997;84
N350NA;1993;84
N335NW;1992;84
N353NW;1998;84
N325US;1992;87
N502US;1985;89
N554NW;2001;89
N592NW;2003;83
N504US;1987;89
N365NW;1999;84
N342NW;1993;84
N374NW;2001;84
N352NW;1998;84
N503US;1985;89
N8986E;1969;90
N357NB;2002;85
N366NB;2003;85
N676MC;1975;88
N370NW;1999;84
N347NB;2002;85
N326NB;2001;85
N371NW;2001;84
N369NW;1999;84
N1332U;1969;90
N768NC;1977;88
N925US;;91
N772NC;1978;88
N786NC;1980;88
N773NC;1978;88
N780NC;1979;88
N355NB;2002;85
N613NW;1969;91
N967N;1973;91
N8944E;1968;90
N401EA;1975;88
N8926E;1967;90
N987US;1971;91
N343NB;2002;85
N302NB;1999;85
N321NB;2001;85
N369NB;2003;85
N322NB;2001;85
N334NB;2002;85
N344NB;2002;85
N320NB;2000;85
N360NB;2003;85
N315NB;2000;85
N589NW;2003;83
N594NW;2003;83
N588NW;2003;83
N591NW;2003;83
N596NW;2003;83
N586NW;2002;83
N587NW;2002;83
N530US;1988;89
N529US;1987;89
N531US;1988;89
N593NW;2003;83
N584NW;2002;83
N332NB;2001;85
N345NB;;85
N368NB;2003;85
N365NB;2003;85
N357NW;1998;84
N313US;1990;87
N317US;1991;87
N319NB;2000;85
N340NB;2002;85
N339NB;2002;85
N339NW;1992;84
N315US;1991;87
N348NW;1993;84
N343NW;1993;84
N347NW;1993;84
N362NW;1998;84
N349NB;2002;85
N371NB;2003;85
N338NB;2002;85
N316NB;2000;85
N329NB;2001;85
N321US;1992;87
N301US;1989;87
N314US;1991;87
N329NW;1992;87
N373NW;2001;84
N359NW;1998;84
N521US;1986;89
N516US;1986;89
N583NW;2002;83
N506US;1985;89
N518US;1986;89
N526US;1987;89
N514US;1986;89
N752NW;1968;92
N759NW;1968;92
N582NW;2002;83
N585NW;2002;83
N590NW;2003;83
N341NW;1992;84
N314NB;2000;85
N311US;1990;87
N368NW;1999;84
N377NW;2003;87
N532US;1988;89
N364NB;2003;85
N342NB;2002;85
N336NB;2002;85
N335NB;2002;85
N8921E;1967;90
N333NW;1992;87
N327NW;1992;87
N332NW;1992;87
N360NW;1998;84
N318US;1991;87
N349NW;1996;84
N322US;1992;87
N8923E;1967;90
N762NW;1969;92
N675MC;1975;88
N517US;1986;89
N345NW;1993;84
N344NW;1993;84
N334NW;1992;84
N337NB;2002;85
N522US;1987;89
N527US;1987;89
N764NC;1976;88
N770NC;1978;88
N8978E;1968;90
N751NW;1968;92
N8933E;1967;90
N776NC;1979;88
N769NC;1978;88
N319US;1991;87
N782NC;1980;88
N783NC;1979;88
N364NW;1999;84
N528US;1987;89
N556NW;2002;89
N534US;1988;89
N557NW;2002;89
N766NC;1977;88
N363NB;2003;85
N326US;1992;87
N945N;1975;91
N9333;1968;90
N600TR;1979;88
N670MC;1976;88
N363NW;1998;84
N312US;1990;87
N375NC;2002;84
N553NW;2001;89
N551NW;2001;89
N765NC;1976;88
N778NC;1979;88
N533US;1988;89
N581NW;2002;83
N366NW;1999;84
N501US;1985;89
N328NW;1992;87
N378NW;2003;87
N320US;1991;87
N355NW;1998;84
N519US;1986;89
N323NB;2001;85
N325NB;2001;85
N926NW;1970;91
N1309T;1968;90
N787NC;1980;88
N677MC;1977;88
N3324L;1967;91
N1799U;1969;90
N354NW;1998;84
N781NC;1979;88
N760NW;1968;92
N755NW;1968;92
N763NW;1969;92
N8929E;1967;90
N8928E;1967;90
N777NC;1979;88
N324NB;2001;85
N316US;1991;87
N359NB;2003;85
N370NB;2003;85
N327NB;2001;85
N358NB;2003;85
N8925E;1967;90
N915RW;1967;90
N8945E;1968;90
N310NW;1990;87
N523US;1987;89
N341NB;2002;85
N346NB;2002;85
N361NB;2003;85
N923RW;1968;90
N760NC;1976;88
N348NB;2002;85
N318NB;2000;85
N774NC;1978;88
N767NC;1977;88
N808NW;2004;86
N802NW;2003;86
N9338;1969;90
N762NC;1976;88
N333NB;2001;85
N317NB;2000;85
N785CA;1999;69
N989CA;1998;69
N554CA;2008;93
N549CA;2008;93
N679CA;2007;93
N538CA;2008;93
N548CA;2008;93
N642CA;2003;70
N932CA;1994;69
N693CA;2006;93
N676CA;2007;93
N691CA;2007;93
N669CA;2004;70
N582CA;2008;93
N625CA;2003;70
N806CA;;69
N528CA;2003;69
N807CA;1999;69
N408CA;2000;69
N443CA;2001;69
N591SW;1995;69
N941CA;1994;69
N597SW;1999;69
N655CA;;70
N653CA;2003;70
N641CA;2003;70
N369CA;2003;70
N819CA;2000;69
N924CA;1993;69
N678CA;2007;93
N914CA;1993;69
N810CA;2000;69
N927CA;1993;69
N926CA;1993;69
N590SW;1995;69
N796CA;1999;69
N812CA;2000;69
N957CA;1996;69
N526CA;2003;69
N659BR;2001;69
N797CA;1999;69
N455CA;2002;69
N915CA;1993;69
N716CA;1998;69
N964CA;1996;69
N587SW;1995;69
N689CA;2007;93
N436CA;2001;69
N781CA;1999;69
N814CA;2000;69
N685BR;2002;69
N972CA;1966;30
N713CA;1998;69
N427CA;2000;69
N960CA;1996;69
N936CA;1994;69
N940CA;1994;69
N595SW;1999;69
N931CA;1994;69
N695CA;2006;93
N391CA;2003;70
N656CA;2004;70
N690CA;;70
N658CA;2004;70
N912CA;1993;69
N712CA;1998;69
N959CA;1996;69
N447CA;2001;69
N721CA;1998;69
N398CA;2003;70
N798CA;1999;69
N720SW;1999;69
N739CA;1998;69
N371CA;2003;70
N446CA;;69
N435CA;2001;69
N962CA;1996;69
N967CA;1996;69
N805CA;1999;69
N920CA;1993;69
N958CA;1996;69
N963CA;1996;69
N629BR;1998;69
N34CA;;
N518CA;2003;69
N966CA;1996;69
N916CA;1993;69
N451CA;2001;69
N675BR;2002;69
N430CA;2000;69
N594SW;1999;69
N378CA;2003;70
N954CA;1995;69
N918CA;1993;69
N692CA;2006;93
N965CA;1996;69
N420CA;2000;69
N710CA;1998;69
N809CA;2000;69
N374CA;;70
N786CA;1999;69
N589SW;1995;69
N937CA;1994;69
N815CA;2000;69
N917CA;1993;69
N929CA;1993;69
N409CA;2000;69
N938CA;1994;69
N818CA;2000;69
N956CA;1996;69
N477CA;2002;69
N868CA;2000;69
N523CA;2003;69
N442CA;2001;69
N821SK;2007;93
N299SW;1997;94
N565SW;1998;95
N233SW;1995;94
N292UX;1994;94
N907SW;2001;69
N271YV;1993;94
N471CA;2002;69
N479CA;2002;69
N507CA;2003;69
N495CA;2003;69
N403SW;1993;69
N498CA;2003;69
N468CA;;69
N407SW;1994;69
N986CA;;69
N506CA;2003;69
N494CA;2003;69
N496CA;2003;69
N461SW;2003;69
N447SW;2002;69
N442SW;2002;69
N459SW;2003;69
N432SW;2001;69
N457SW;2003;69
N803SK;2006;93
N800SK;2006;93
N809SK;2006;93
N464SW;2003;69
N408SW;1994;69
N455SW;2003;69
N604SK;2006;70
N609SK;2002;70
N463SW;2003;69
N862AS;2001;69
N438SW;2001;69
N816SK;2006;93
N410SW;1995;69
N440SW;2001;69
N817SK;2006;93
N814SK;2006;93
N805SK;2006;93
N452SW;2002;69
N869AS;2001;69
N614SK;2002;70
N802SK;2006;93
N460SW;2003;69
N437SW;2001;69
N865AS;2001;69
N445SW;2002;69
N430SW;2001;69
N866AS;2001;69
N815SK;2006;93
N820SK;2006;93
N453SW;2003;69
N413SW;1996;69
N439SW;2001;69
N411SW;1995;69
N812SK;2006;93
N607SK;2006;70
N416SW;1995;69
N446SW;2002;69
N448SW;2002;69
N912EV;2002;69
N426SW;2001;69
N810SK;2006;93
N915EV;2003;69
N947SW;2003;69
N427SW;2001;69
N913EV;2002;69
N863AS;2001;69
N423SW;2000;69
N864AS;2001;69
N433SW;2001;69
N435SW;2001;69
N454SW;2003;69
N431SW;2001;69
N449SW;2002;69
N429SW;2001;69
N443SW;;69
N441SW;2002;69
N409SW;1994;69
N606SK;2006;70
N367CA;2002;70
N910EV;2002;69
N668CA;2004;70
N340CA;2002;70
N611SK;2002;70
N368CA;2003;70
N608SK;2006;70
N603SK;2006;70
N613SK;2002;70
N492SW;1997;69
N806SK;2006;93
N807SK;2006;93
N813SK;2006;93
N412SW;1995;69
N393SW;1997;94
N561SW;1998;95
N226SW;1995;94
N220SW;1994;94
N284YV;1994;94
N235SW;;94
N216SW;1993;95
N581SW;1999;94
N569SW;1998;94
N288SW;1996;94
N562SW;1998;95
N295SW;1996;94
N234SW;1996;94
N294SW;1996;94
N295UX;1995;94
N582SW;1999;94
N564SW;1998;95
N576SW;1998;94
N297SW;1996;94
N585SW;1999;94
N290SW;1996;94
N308SW;1997;94
N221SW;1994;94
N566SW;1998;94
N270YV;1993;94
N584SW;1999;94
N292SW;1996;94
N224SW;1995;94
N586SW;1999;94
N578SW;1998;94
N298SW;1996;94
N583SW;1999;94
N580SW;1999;94
N223SW;1995;94
N906SW;2001;69
N567SW;1998;94
N218SW;1994;94
N568SW;1998;94
N944SW;2003;69
N927SW;2002;69
N953SW;2003;69
N979SW;2004;69
N709BR;2003;69
N957SW;2003;69
N930SW;2002;69
N945SW;2003;69
N699BR;2003;69
N778SK;2006;70
N707SK;1999;70
N465SW;2003;69
N956SW;2003;69
N982SW;2004;69
N766SK;2005;70
N919SW;2002;69
N909SW;2001;69
N973SW;2004;69
N743SK;2005;70
N978SW;2004;69
N926SW;2002;69
N961SW;2003;69
N716SK;2004;70
N740SK;2005;70
N971SW;2004;69
N969SW;2003;69
N750SK;2005;70
N760SK;2005;70
N951SW;2003;69
N936SW;2002;69
N963SW;2003;69
N946SW;2003;69
N910SW;2001;69
N776SK;2006;70
N935SW;2002;69
N705SK;2004;70
N751SK;2005;70
N962SW;2003;69
N752SK;2005;70
N718SK;2004;70
N466SW;2003;69
N724SK;2004;70
N710SK;2004;70
N924SW;2002;69
N771SK;2006;70
N712SK;2004;70
N417SW;;69
N983SW;2004;69
N916SW;2002;69
N923SW;2002;69
N744SK;2005;70
N708SK;2004;70
N939SW;2003;69
N406SW;1993;69
N738SK;2005;70
N742SK;2005;70
N745SK;2005;70
N918SW;;69
N932SW;2002;69
N908SW;2001;69
N702SK;2004;70
N937SW;2003;69
N765SK;2005;70
N713SK;2004;70
N913SW;2001;69
N955SW;2003;69
N758SK;2005;70
N774SK;2006;70
N943SW;2003;69
N928SW;2002;69
N959SW;2003;69
N912SW;2001;69
N756SK;2005;70
N703SK;2004;70
N755SK;2005;70
N709SK;2004;70
N980SW;2004;69
N728SK;2005;70
N732SK;2005;70
N730SK;2005;70
N762SK;2005;70
N698BR;;69
N920SW;2002;69
N715SK;2004;70
N763SK;2005;70
N929SW;2002;69
N952SW;2003;69
N976SW;2004;69
N903SW;2000;69
N706SK;2004;70
N917SW;;69
N958SW;2003;69
N710BR;2003;69
N954SW;2003;69
N754SK;2005;70
N748SK;2005;70
N986SW;2004;69
N746SK;2005;70
N753SK;2005;70
N764SK;2005;70
N701SK;2004;70
N719SK;2004;70
N941SW;2003;69
N915SW;;69
N405SW;1993;69
N768SK;2005;70
N767SK;2005;70
N964SW;2003;69
N925SW;2002;69
N772SK;2005;70
N975SW;2004;69
N967SW;2003;69
N726SK;2005;70
N938SW;2003;69
N773SK;2005;70
N948SW;2003;69
N560SW;1998;94
N296SW;1996;94
N236SW;1996;94
N291SW;1996;94
N237SW;1996;94
N579SW;1998;94
N301YV;1995;94
N217SW;1993;94
N232SW;1995;94
N563SW;1998;95
N590UA;1997;96
N595UA;1998;96
N538UA;1991;96
N428UA;1995;43
N848UA;2002;97
N427UA;1995;43
N432UA;1996;43
N438UA;1997;43
N212UA;2000;98
N211UA;2000;98
N210UA;2000;98
N381UA;1990;99
N937UA;1992;100
N925UA;1992;100
N505UA;1989;96
N518UA;1990;96
N588UA;1993;96
N648UA;1992;101
N560UA;1992;96
N510UA;1990;96
N517UA;1990;96
N554UA;1992;96
N508UA;1990;96
N555UA;1992;96
N315UA;1987;99
N532UA;1991;96
N525UA;1991;96
N932UA;1992;100
N557UA;1992;96
N934UA;1992;100
N527UA;1991;96
N580UA;1993;96
N933UA;1992;100
N664UA;1998;101
N671UA;1999;101
N214UA;2000;98
N502UA;1989;96
N675UA;2000;101
N373UA;1989;99
N534UA;1991;96
N523UA;1990;96
N526UA;1991;96
N672UA;1999;101
N676UA;2001;101
N203UA;1990;99
N369UA;1989;99
N350UA;1989;99
N597UA;1998;96
N543UA;;
N545UA;1991;96
N670UA;;101
N673UA;2000;101
N667UA;1998;101
N668UA;1999;101
N677UA;2001;101
N669UA;1999;101
N665UA;1998;101
N549UA;1992;96
N544UA;1991;96
N552UA;1992;96
N547UA;1991;96
N519UA;1990;96
N385UA;1990;99
N913UA;1991;100
N570UA;1992;96
N433UA;1996;43
N812UA;1998;97
N929UA;1992;100
N596UA;1998;96
N598UA;1999;96
N371UA;1989;99
N540UA;1991;96
N533UA;1991;96
N842UA;2001;97
N579UA;1993;96
N548UA;1992;96
N524UA;1990;96
N589UA;1997;96
N830UA;2000;97
N559UA;1992;96
N827UA;1999;97
N571UA;1992;96
N405UA;1993;43
N854UA;2002;97
N403UA;1993;43
N426UA;1995;43
N572UA;1992;96
N531UA;1991;96
N366UA;1989;99
N835UA;2001;97
N539UA;1991;96
N575UA;1993;96
N581UA;1993;96
N522UA;1990;96
N666UA;1998;101
N501UA;1989;96
N935UA;1992;100
N463UA;2000;43
N327UA;1988;99
N461UA;2000;43
N855UA;2002;97
N806UA;1998;97
N839UA;2001;97
N852UA;2002;97
N423UA;1995;43
N828UA;1999;97
N434UA;1996;43
N435UA;1996;43
N825UA;1999;97
N558UA;1992;96
N564UA;1992;96
N823UA;1998;97
N431UA;1996;43
N422UA;1995;43
N417UA;1994;43
N437UA;1997;43
N586UA;1993;96
N464UA;2000;43
N907UA;1991;100
N410UA;1994;43
N528UA;1991;96
N594UA;1996;96
N535UA;1991;96
N541UA;1991;96
N568UA;1992;96
N443UA;1998;43
N415UA;1994;43
N511UA;1990;96
N562UA;1992;96
N593UA;1996;96
N802UA;;
N924UA;1992;100
N566UA;1992;96
N325UA;1988;99
N347UA;1988;99
N838UA;2001;97
N370UA;1989;99
N382UA;1990;99
N833UA;2000;97
N418UA;1994;43
N644UA;1991;101
N652UA;1992;101
N223UA;2001;98
N339UA;1988;99
N506UA;1990;96
N674UA;2000;101
N337UA;1988;99
N318UA;1988;99
N340UA;1988;99
N826UA;1999;97
N577UA;1993;96
N553UA;1992;96
N430UA;1996;43
N834UA;2001;97
N335UA;1988;99
N930UA;1992;100
N365UA;1989;99
N456UA;1999;43
N843UA;2001;97
N507UA;1990;96
N537UA;1991;96
N513UA;1990;96
N585UA;1993;96
N329UA;1988;99
N399UA;1990;99
N803UA;;
N824UA;1999;97
N453UA;1999;43
N416UA;1994;43
N346UA;1988;99
N376UA;1990;99
N436UA;1996;43
N836UA;2001;97
N520UA;1990;96
N804UA;1997;97
N850UA;2002;97
N829UA;2000;97
N330UA;1988;99
N530UA;1991;96
N386UA;1990;99
N849UA;2002;97
N808UA;1998;97
N583UA;1993;96
N569UA;1992;96
N374UA;1989;99
N351UA;1989;99
N375UA;1989;99
N455UA;1999;43
N587UA;1993;96
N563UA;1992;96
N928UA;1992;100
N328UA;1988;99
N409UA;1994;43
N425UA;1995;43
N832UA;2000;97
N923UA;1992;100
N841UA;2001;97
N429UA;1995;43
N837UA;2001;97
N592UA;1996;96
N377UA;1990;99
N567UA;1992;96
N311UA;1987;99
N424UA;1995;43
N338UA;1988;99
N818UA;1998;97
N817UA;1998;97
N576UA;1993;96
N912UA;1991;100
N466UA;;43
N853UA;2002;97
N941UA;1992;100
N372UA;1989;99
N468UA;2000;43
N813UA;1998;97
N927UA;1992;100
N326UA;1988;99
N202UA;1990;99
N348UA;1988;99
N215UA;2000;98
N529UA;1991;96
N383UA;1990;99
N922UA;1991;100
N197UA;1997;102
N661UA;1993;101
N784UA;1997;98
N503UA;1989;96
N851UA;2002;97
N658UA;1993;101
N561UA;1992;96
N845UA;2001;97
N847UA;2001;97
N780UA;1996;98
N779UA;1996;98
N379UA;1990;99
N504UA;1989;96
N509UA;1990;96
N578UA;1993;96
N821UA;1998;97
N801UA;1997;97
N574UA;1992;96
N565UA;1992;96
N846UA;2001;97
N809UA;1998;97
N840UA;2001;97
N942UA;1992;100
N498UA;2002;43
N811UA;1998;97
N331UA;1988;99
N815UA;1998;97
N822UA;1998;97
N819UA;1998;97
N807UA;1998;97
N454UA;1999;43
N514UA;1990;96
N420UA;1994;43
N584UA;1993;96
N546UA;1991;96
N314UA;1987;99
N844UA;2001;97
N521UA;1990;96
N333UA;1988;99
N542UA;1991;96
N816UA;1998;97
N411UA;1994;43
N515UA;1990;96
N810UA;1998;97
N334UA;1988;99
N573UA;1992;96
N181UA;1991;102
N771UA;1995;98
N657UA;1993;101
N421UA;1994;43
N936UA;1992;100
N938UA;1992;100
N419UA;1994;43
N462UA;2000;43
N412UA;1994;43
N582UA;1993;96
N536UA;1991;96
N556UA;1992;96
N367UA;1989;99
N660UA;1993;101
N402UA;1993;43
N641UA;1991;101
N831UA;2000;97
N478UA;2001;43
N814UA;1998;97
N799UA;1998;98
N655UA;1992;101
N663UA;1993;101
N219UA;2001;98
N796UA;1998;98
N783UA;1997;98
N653UA;1992;101
N778UA;1996;98
N777UA;1995;98
N228UA;2002;98
N772UA;1995;98
N776UA;1996;98
N768UA;1995;98
N795UA;1997;98
N773UA;1995;98
N651UA;1992;101
N782UA;1997;98
N470UA;2001;43
N413UA;1994;43
N401UA;1993;43
N791UA;1997;98
N444UA;1998;43
N484UA;2001;43
N414UA;1994;43
N495UA;2002;43
N440UA;1997;43
N481UA;2001;43
N476UA;2001;43
N497UA;2002;43
N441UA;1997;43
N489UA;2002;43
N477UA;2001;43
N452UA;1999;43
N469UA;2001;43
N483UA;2001;43
N475UA;2001;43
N445UA;1998;43
N447UA;1998;43
N492UA;2002;43
N449UA;1998;43
N442UA;1998;43
N491UA;2002;43
N457UA;1999;43
N459UA;2000;43
N490UA;2002;43
N451UA;1998;43
N408UA;1994;43
N472UA;2001;43
N446UA;1998;43
N467UA;2000;43
N482UA;2001;43
N488UA;2002;43
N480UA;2001;43
N407UA;1994;43
N439UA;1997;43
N479UA;2001;43
N493UA;2002;43
N458UA;2000;43
N486UA;2001;43
N487UA;2002;43
N474UA;2001;43
N485UA;2001;43
N496UA;2002;43
N473UA;2001;43
N494UA;2002;43
N465UA;2000;43
N406UA;1994;43
N471UA;2001;43
N664AW;2001;43
N835AW;;103
N934UW;1993;104
N434US;1990;105
N441US;1990;105
N106US;1999;76
N111US;1999;76
N737US;2000;74
N968UW;;
N425US;1989;106
N628AW;1989;107
N657AW;1999;43
N642AW;1996;43
N648AW;1997;43
N601AW;2003;43
N632AW;1989;107
N653AW;1999;43
N634AW;1990;107
N629AW;1990;107
N668AW;2002;43
N621AW;1989;107
N644AW;1992;107
N603AW;1997;43
N826AW;;103
N620AW;1989;107
N658AW;1999;43
N640AW;1994;43
N669AW;2002;43
N827AW;2001;103
N663AW;2001;43
N672AW;2004;43
N661AW;2000;43
N650AW;1998;43
N659AW;2000;43
N833AW;2002;103
N830AW;;103
N906AW;1986;108
N908AW;1989;109
N909AW;1989;109
N832AW;2001;103
N901AW;1985;108
N840AW;2006;103
N667AW;2002;43
N633AW;1989;107
N155AW;1987;110
N175AW;1987;111
N903AW;1985;108
N904AW;1986;108
N637AW;1990;107
N824AW;2001;103
N619AW;1995;43
N838AW;2005;103
N803AW;1998;103
N307AW;1990;110
N915AW;1984;112
N822AW;2000;103
N902AW;1985;108
N673AW;;43
N649AW;1998;43
N679AW;2005;43
N652AW;1999;43
N624AW;1989;107
N802AW;1998;103
N839AW;2006;103
N801AW;1998;103
N654AW;1999;43
N818AW;2000;103
N814AW;2000;103
N164AW;1986;111
N631AW;1990;107
N660AW;2000;43
N678AW;2005;43
N315AW;1987;113
N303AW;1988;110
N157AW;1987;110
N809AW;1999;103
N808AW;1999;103
N680AW;2005;43
N647AW;1997;43
N677AW;2005;43
N605AW;1997;43
N636AW;1990;107
N302AW;1988;110
N332AW;1987;114
N322AW;1991;110
N314AW;1987;113
N166AW;1986;111
N627AW;1989;107
N313AW;1987;113
N656AW;1999;43
N816AW;2000;103
N831AW;2001;103
N821AW;2000;103
N156AW;1987;110
N334AW;1987;115
N829AW;;103
N813AW;2000;103
N825AW;2001;103
N819AW;2000;103
N823AW;2001;103
N828AW;;103
N834AW;;103
N820AW;2000;103
N815AW;2000;103
N806AW;1999;103
N168AW;1986;111
N812AW;2000;103
N804AW;1999;103
N836AW;2005;103
N674AW;2005;43
N651AW;1998;43
N807AW;1999;103
N817AW;2000;103
N676AW;2005;43
N154AW;1987;110
N810AW;1999;103
N837AW;2005;103
N805AW;1999;103
N622AW;1989;107
N675AW;2005;43
N655AW;1999;43
N665AW;2001;43
N604AW;2000;43
N305AW;1988;110
N625AW;1989;107
N662AW;2000;43
N602AW;;43
N450UW;1990;105
N417US;1989;106
N957UW;;44
N161UW;2001;116
N190UW;2001;116
N185UW;2002;116
N176UW;2001;116
N171US;2001;116
N112US;1999;76
N104UW;1999;76
N107US;1999;76
N187US;2002;116
N167US;2001;116
N709UW;1999;74
N753US;2000;74
N952UW;2007;44
N529AU;1989;114
N948UW;2007;44
N181UW;;116
N193UW;;
N178US;2001;116
N108UW;1999;76
N942UW;1995;104
N203UW;2000;117
N192UW;2001;116
N418US;1989;106
N936UW;1994;104
N103US;1999;76
N119US;2000;76
N460UW;1991;105
N204UW;2000;117
N941UW;1995;104
N937UW;1994;104
N163US;2001;116
N182UW;2001;116
N174US;;116
N967UW;;
N947UW;2007;44
N950UW;2007;44
N710UW;1999;74
N961UW;;
N949UW;2007;44
N756US;2000;74
N113UW;1999;76
N109UW;1999;76
N744P;2000;74
N516AU;1987;114
N532AU;1989;114
N449US;1990;105
N453UW;1991;105
N173US;2001;116
N932UW;1993;104
N188US;2002;116
N179UW;2001;116
N202UW;1995;104
N205UW;2000;117
N183UW;2001;116
N256AY;1993;118
N252AU;1990;118
N530AU;1989;114
N954UW;2007;44
N964UW;;
N439US;1990;105
N421US;1989;106
N722US;1999;74
N708UW;1999;74
N742PS;2000;74
N946UW;2007;44
N951UW;2007;44
N945UW;;44
N966UW;;
N118US;2000;76
N172US;2001;116
N938UW;1994;104
N105UW;1999;76
N170US;2001;116
N923UW;1983;112
N921UW;1983;112
N920UW;1983;112
N940UW;1995;104
N933UW;1993;104
N925UW;1983;112
N917UW;1982;112
N935UW;1994;104
N422US;1989;106
N420US;1989;106
N444US;1990;105
N704US;1998;74
N701UW;1998;74
N757UW;2000;74
N749US;2000;74
N767UW;2000;74
N714US;1999;74
N924UW;1983;112
N249AU;1987;119
N715UW;1999;74
N766US;2000;74
N922UW;1983;112
N732US;2000;74
N929UW;1993;104
N122US;2000;76
N458UW;1991;105
N433US;1990;105
N591US;1988;120
N527AU;1988;114
N741UW;2000;74
N427US;1989;105
N405US;1989;106
N712US;1999;74
N939UW;1994;104
N730US;2000;74
N424US;1989;106
N455UW;1991;105
N454UW;1991;105
N184US;2002;116
N953UW;2007;44
N165US;2001;116
N750UW;2000;74
N762US;2000;74
N121UW;2000;76
N124US;2000;76
N747UW;2000;74
N440US;1990;105
N725UW;1999;74
N404US;1989;106
N409US;1988;106
N456UW;1991;105
N504AU;1987;114
N746UW;2000;74
N965UW;;
N955UW;2008;44
N960UW;;
N962UW;;
N956UW;2008;44
N191UW;2001;116
N162UW;2001;116
N195UW;;
N123UW;2000;76
N186US;2002;116
N194UW;;
N958UW;;44
N755US;2000;74
N110UW;1999;76
N723UW;1999;74
N438US;1990;105
N435US;1990;105
N459UW;1991;105
N959UW;;44
N442US;1990;105
N443US;1990;105
N426US;1989;105
N117UW;2000;76
N769US;2000;74
N711UW;1999;74
N724UW;1999;74
N713UW;1999;74
N505AU;1987;114
N445US;1990;105
N963UW;;
N705UW;;74
N740UW;2000;74
N274AY;2000;86
N277AY;2001;86
N406US;1988;106
N738US;2000;74
N763US;2000;74
N748UW;2000;74
N702UW;1998;74
N752US;2000;74
N451UW;1990;105
N102UW;1998;76
N916UW;1982;112
N423US;1989;106
N180US;2001;116
N457UW;1991;105
N745VJ;2000;74
N721UW;1999;74
N419US;1989;106
N189UW;2001;116
N533AU;1989;114
N531AU;1989;114
N717UW;1999;74
N452UW;1991;105
N733UW;2000;74
N177US;;116
N768US;2000;74
N765US;2000;74
N944UW;2006;44
N770UW;2000;74
N169UW;2001;116
N506AU;1987;114
N764US;2000;74
N201UU;1995;104
N754UW;2000;74
N927UW;1993;104
N760US;2000;74
N246AY;1987;119
N430US;1989;105
N751UW;2000;74
N700UW;1998;74
N703UW;1998;74
N716UW;1999;74
N433LV;2003;121
N352SW;1990;122
N438WN;2003;121
N663SW;1985;123
N239WN;2006;121
N443WN;2003;121
N225WN;2005;121
N466WN;2004;121
N241WN;2006;121
N212WN;2005;121
N437WN;2003;121
N743SW;1998;121
N211WN;2005;121
N473WN;2004;121
N332SW;1988;122
N489WN;2004;121
N227WN;2005;121
N387SW;1994;122
N423WN;2002;121
N614SW;1995;122
N928WN;;
N653SW;1997;122
N463WN;2004;121
N249WN;2006;121
N272WN;2007;121
N728SW;1999;121
N376SW;1994;122
N612SW;1995;122
N208WN;2005;121
N369SW;1993;122
N650SW;1997;122
N222WN;2005;121
N521SW;1991;124
N382SW;1994;122
N765SW;2000;121
N523SW;1992;124
N512SW;1991;124
N425LV;2002;121
N229WN;2006;121
N733SA;1999;121
N395SW;1994;122
N315SW;1986;122
N494WN;2004;121
N501SW;1990;124
N314SW;1986;122
N397SW;1995;122
N270WN;1998;125
N399WN;1995;122
N455WN;2004;121
N350SW;1989;122
N624SW;1996;122
N601WN;1995;122
N291WN;2007;121
N699SW;1987;115
N623SW;1996;122
N763SW;2000;121
N603SW;1995;122
N655WN;1997;122
N514SW;1991;124
N506SW;1990;124
N693SW;1985;126
N632SW;1996;122
N374SW;1993;122
N398SW;1995;122
N280WN;2007;121
N337SW;1988;122
N639SW;1996;122
N752SW;1999;121
N682SW;1986;115
N678AA;1986;127
N354SW;1991;122
N762SW;2000;121
N246LV;2006;121
N422WN;2002;121
N461WN;2004;121
N436WN;2003;121
N629SW;1996;122
N605SW;1995;122
N356SW;1991;122
N360SW;1992;122
N635SW;1996;122
N664WN;1986;115
N258WN;2006;121
N610WN;1995;122
N251WN;2006;121
N274WN;2007;121
N391SW;1994;122
N622SW;1996;122
N394SW;1994;122
N648SW;1997;122
N608SW;1995;122
N633SW;1996;122
N385SW;1994;122
N335SW;1988;122
N380SW;1994;122
N403WN;2001;121
N745SW;1999;121
N652SW;1997;122
N349SW;1989;122
N716SW;1998;121
N618WN;1995;122
N336SW;1988;122
N509SW;1990;124
N646SW;1997;122
N470WN;2004;121
N609SW;1995;122
N502SW;1990;124
N245WN;2006;121
N737JW;1999;121
N643SW;1997;122
N783SW;2000;121
N292WN;2007;121
N447WN;2003;121
N917WN;;121
N242WN;2006;121
N344SW;1989;122
N334SW;1988;122
N201LV;2005;121
N926WN;;
N482WN;2004;121
N289WN;;
N519SW;1991;124
N389SW;1994;122
N670SW;1988;110
N550WN;2001;128
N442WN;2003;121
N755SA;1999;121
N339SW;1988;122
N675AA;1985;127
N342SW;1989;122
N330SW;1988;122
N914WN;2008;121
N368SW;1993;122
N779SW;2000;121
N390SW;1994;122
N430WN;2002;121
N457WN;2004;121
N476WN;2004;121
N206WN;2005;121
N617SW;1995;122
N264LV;2007;121
N260WN;2006;121
N704SW;1998;121
N256WN;2006;121
N492WN;2004;121
N9222N;;
N230WN;2006;121
N444WN;2003;121
N238WN;2005;121
N481WN;2004;121
N903WN;;121
N732SW;1999;121
N915WN;2008;121
N340LV;1987;129
N419WN;2001;121
N408WN;2001;121
N429WN;2002;121
N285WN;2007;121
N772SW;2000;121
N417WN;2001;121
N480WN;2004;121
N662SW;1985;123
N710SW;1998;121
N440LV;2003;121
N526SW;1992;124
N525SW;1992;124
N401WN;2001;121
N749SW;1999;121
N756SA;1999;121
N757LV;1999;121
N372SW;1993;122
N786SW;2000;121
N522SW;1992;124
N486WN;2004;121
N692SW;1985;130
N413WN;2001;121
N439WN;2003;121
N631SW;1996;122
N604SW;1995;122
N454WN;2004;121
N204WN;2005;121
N261WN;2006;121
N773SA;2000;121
N273WN;2007;121
N421LV;2001;121
N734SA;1999;121
N458WN;2004;121
N373SW;1993;122
N775SW;2000;121
N620SW;1996;122
N402WN;2001;121
N386SW;1994;122
N236WN;2006;121
N787SA;2000;121
N346SW;1989;122
N715SW;1998;121
N669SW;1987;127
N761RR;2000;121
N908WN;2008;121
N451WN;2004;121
N310SW;1985;122
N304SW;1985;122
N405WN;2001;121
N464WN;2004;121
N293WN;;
N680AA;1986;127
N766SW;2000;121
N231WN;2006;121
N656SW;1997;122
N764SW;2000;121
N645SW;1997;122
N384SW;1994;122
N901WN;2007;121
N485WN;2004;121
N768SW;2000;121
N221WN;2005;121
N484WN;2004;121
N271LV;;
N262WN;2006;121
N513SW;1991;124
N619SW;1995;122
N695SW;1986;123
N361SW;1992;122
N325SW;1987;122
N707SA;1998;121
N407WN;2001;121
N432WN;2003;121
N659SW;1985;120
N232WN;2006;121
N453WN;2004;121
N223WN;2005;121
N497WN;2004;121
N487WN;2004;121
N760SW;2000;121
N448WN;2003;121
N657SW;1985;131
N343SW;1989;122
N331SW;1988;122
N445WN;2003;121
N676SW;2000;127
N268WN;2007;121
N720WN;1998;121
N216WR;2005;121
N483WN;2004;121
N203WN;2005;121
N375SW;1993;122
N627SW;1996;122
N363SW;1993;122
N683SW;1988;110
N468WN;2004;121
N796SW;2001;121
N478WN;2004;121
N283WN;2007;121
N515SW;1991;124
N528SW;1992;124
N233LV;2006;121
N362SW;1992;122
N303SW;1985;122
N202WN;2005;121
N679AA;1986;127
N712SW;1998;121
N286WN;2004;121
N687SW;1986;123
N690SW;1988;110
N388SW;1994;122
N450WN;2004;121
N705SW;1998;121
N266WN;2007;121
N295WN;2007;121
N677AA;1985;127
N412WN;2001;121
N237WN;2006;121
N263WN;2007;121
N357SW;1992;122
N414WN;2001;121
N909WN;2008;121
N441WN;2003;121
N900WN;2007;121
N736SA;1999;121
N747SA;1999;121
N742SW;1998;121
N378SW;1994;122
N296WN;2007;121
N234WN;2006;121
N298WN;;121
N688SW;1985;123
N276WN;2007;121
N490WN;2004;121
N919WN;;
N416WN;2001;121
N920WN;;
N735SA;1999;121
N795SW;2001;121
N244WN;2006;121
N499WN;2005;121
N602SW;1995;122
N776WN;2000;121
N358SW;1992;122
N790SW;2000;121
N431WN;2002;121
N701GS;1997;121
N259WN;2006;121
N210WN;2005;121
N279WN;2007;121
N214WN;2005;121
N912WN;2008;121
N472WN;2004;121
N780SW;2000;121
N477WN;2004;121
N731SA;1999;121
N247WN;2006;121
N785SW;2000;121
N449WN;2003;121
N725SW;1999;121
N905WN;;121
N209WN;2005;121
N308SA;1986;115
N327SW;1987;122
N329SW;1988;122
N697SW;1988;53
N503SW;1990;124
N527SW;1992;124
N311SW;1986;122
N660SW;1985;120
N910WN;2008;121
N410WN;2001;121
N205WN;2005;121
N524SW;1992;124
N426WN;2002;121
N218WN;2005;121
N626SW;1996;122
N751SW;1999;121
N467WN;2004;121
N367SW;1993;122
N647SW;1997;122
N741SA;1998;121
N718SW;1998;121
N754SW;1999;121
N706SW;1998;121
N799SW;;132
N224WN;2005;121
N671SW;1988;110
N200WN;2005;121
N551WN;2001;128
N615SW;1995;122
N638SW;1996;122
N288WN;2007;121
N269WN;2007;121
N797MX;2001;121
N257WN;2006;121
N739GB;1998;121
N621SW;1996;122
N717SA;1998;121
N511SW;1991;124
N392SW;1994;122
N637SW;1996;122
N634SW;1996;122
N297WN;2007;121
N778SW;2000;121
N491WN;2004;121
N730SW;1999;121
N794SW;2001;121
N738CB;1999;121
N641SW;1996;122
N640SW;1996;122
N400WN;2001;121
N758SW;1999;121
N520SW;1991;124
N435WN;2003;121
N906WN;;121
N753SW;1999;121
N496WN;2004;121
N409WN;2001;121
N498WN;2005;121
N307SW;1985;122
N769SW;2000;121
N351SW;1989;122
N613SW;1995;122
N916WN;2008;121
N479WN;2004;121
N729SW;1999;121
N611SW;1995;122
N347SW;1989;122
N507SW;1990;124
N792SW;2000;121
N726SW;1999;121
N427WN;2002;121
N918WN;;121
N333SW;1988;122
N459WN;2004;121
N456WN;2004;121
N689SW;1985;123
N290WN;2007;121
N434WN;2003;121
N703SW;1997;121
N495WN;2004;121
N714CB;1998;121
N774SW;2000;121
N630WN;1996;122
N365SW;1993;122
N767SW;;121
N207WN;2005;121
N411WN;2001;121
N665WN;1986;115
N250WN;2006;121
N228WN;2005;121
N240WN;2006;121
N252WN;2006;121
N371SW;1993;122
N265WN;2007;121
N353SW;1990;122
N282WN;2007;121
N700GS;1997;121
N213WN;2005;121
N475WN;2004;121
N723SW;1999;121
N719SW;1998;121
N255WN;2006;121
N606SW;1995;122
N404WN;2001;121
N488WN;2004;121
N281WN;2007;121
N267WN;2007;121
N744SW;1999;121
N299WN;;121
N793SA;2001;121
N929WN;;
N791SW;2000;121
N777QC;2000;121
N313SW;1986;122
N724SW;1999;121
N694SW;1985;130
N415WN;2001;121
N625SW;1996;122
N345SA;1987;129
N318SW;1986;122
N740SW;1998;121
N424WN;2002;121
N644SW;1997;122
N418WN;2001;121
N913WN;2008;121
N379SW;1994;122
N781WN;2000;121
N460WN;2004;121
N904WN;;121
N328SW;1988;122
N493WN;2004;121
N921WN;;
N658SW;1985;131
N748SW;1999;121
N788SA;2000;121
N925WN;;
N628SW;1996;122
N469WN;2004;121
N746SW;1999;121
N309SW;1985;122
N709SW;1998;121
N654SW;1997;122
N713SW;1998;121
N226WN;2005;121
N924WN;;
N504SW;1990;124
N254WN;2006;121
N474WN;2004;121
N446WN;2003;121
N420WN;2001;121
N770SA;2000;121
N510SW;1990;124
N505SW;1990;124
N698SW;1986;126
N278WN;2007;121
N642WN;1997;122
N287WN;2007;121
N798SW;1998;133
N708SW;;
N452WN;2004;121
N462WN;2004;121
N294WN;2007;121
N691WN;1988;110
N312SW;1986;122
N305SW;1985;122
N759GS;1999;121
N428WN;2002;121
N275WN;2007;121
N907WN;;121
N685SW;1986;123
N338SW;1988;122
N902WN;2007;121
N370SW;1993;122
N277WN;2007;121
N300SW;1984;122
N789SW;2000;121
N284WN;2007;121
N253WN;2006;121
N406WN;2001;121
N243WN;2006;121
N927WN;;
N326SW;1987;122
N782SA;2000;121
N215WN;2005;121
N727SW;1999;121
N465WN;2004;121
N636WN;1996;122
N235WN;2006;121
N220WN;2005;121
N923WN;;
N217JC;2005;121
N248WN;2006;121
N607SW;1995;122
N651SW;1997;122
N219WN;2005;121
N711HK;1998;121
N34111;2002;134
N11191;2005;134
N17108;2002;134
N14105;2002;134
N13979;1999;135
N13989;2000;135
N36915;2001;135
N27962;1999;136
N13903;2001;135
N16911;2001;135
N13997;2000;135
N48901;2001;135
N16987;2000;135
N15555;;135
N14974;1999;135
N17138;2003;134
N21144;2003;134
N14542;2001;135
N14904;2001;135
N16999;2000;135
N14143;2003;134
N21537;2001;135
N14977;1999;135
N12922;2000;135
N29917;2001;135
N14162;2004;134
N11137;2003;134
N17928;1996;137
N16944;1998;137
N13988;2000;135
N11176;2004;134
N34110;2002;134
N18557;;135
N13978;1999;135
N12122;2003;134
N18114;2002;134
N12172;2004;134
N11140;2003;134
N17115;2002;134
N13123;2003;134
N14188;2005;134
N12195;2005;134
N12135;2003;134
N21130;2003;134
N16927;1996;137
N12136;2003;134
N12540;2001;135
N14117;2002;134
N14959;1998;135
N14937;1997;137
N16951;1998;135
N12126;2003;134
N11113;2002;134
N11548;2002;135
N14204;2006;134
N10156;2004;134
N14902;2001;135
N26549;2002;135
N11109;2002;134
N15985;2000;135
N13913;2001;135
N14933;1997;137
N13995;2000;135
N27190;2005;134
N16151;2003;134
N11199;2006;134
N14991;2000;135
N13936;1997;137
N26141;2003;134
N14543;2002;135
N13990;2000;135
N12552;2002;135
N21154;2003;134
N11192;2005;134
N16149;2003;134
N17159;2004;134
N16571;2002;135
N12142;2003;134
N14203;2006;134
N14905;2001;135
N14993;2000;135
N14573;2002;135
N21197;2006;134
N12957;1998;135
N33182;2005;134
N12145;2003;134
N23139;2003;134
N14148;2003;134
N14180;2005;134
N11184;2005;134
N14198;2006;134
N12967;1999;135
N15986;2000;135
N18101;2002;134
N18120;2003;134
N14923;2000;135
N13124;2003;134
N16976;1999;135
N15574;;135
N12160;2004;134
N24103;2002;134
N13956;1998;135
N14940;1997;137
N14950;1998;135
N11155;2004;134
N14916;2001;135
N26545;2002;135
N14960;1998;135
N13914;2001;135
N11121;2003;134
N11551;2002;135
N14558;;135
N13970;1999;135
N13968;1999;135
N16954;1998;135
N27152;2003;134
N12924;2000;135
N16541;2001;135
N16918;2001;135
N22971;1999;135
N12157;2004;134
N12946;1998;137
N14998;2000;135
N16147;2003;134
N17196;2005;134
N13202;2006;134
N16963;1999;135
N19554;2002;135
N13969;1999;135
N29906;2001;135
N16919;2001;135
N25134;2003;134
N13550;2002;135
N14153;2003;134
N15948;1998;137
N27200;2006;134
N18556;2002;135
N13553;2002;135
N17984;2000;135
N11150;2003;134
N21129;2003;134
N11194;2005;134
N14116;2002;134
N13133;2003;134
N15973;1999;135
N31131;2003;134
N13929;1997;137
N14920;2001;135
N14947;1998;137
N12921;2000;135
N15910;2001;135
N13955;1998;135
N15983;2000;135
N14177;2005;134
N12934;1997;137
N13949;1998;135
N13994;2000;135
N14158;2004;134
N14125;2003;134
N13935;1997;137
N13975;1999;135
N11535;2001;135
N13132;2003;134
N11181;2005;134
N15980;1999;135
N12564;2002;135
N12201;2006;134
N11536;2001;135
N17185;2005;134
N13992;2000;135
N14972;1999;135
N17146;2003;134
N16183;2005;134
N14179;2005;134
N13964;1999;135
N13566;2002;135
N11539;2001;135
N11106;2002;134
N18982;2000;135
N15572;2002;135
N12567;2002;135
N13538;2001;135
N12900;2001;135
N11565;2002;135
N13958;1998;135
N19966;1999;135
N11193;2005;134
N14939;1997;137
N11127;2003;134
N12996;2000;135
N41104;2002;134
N14171;2004;134
N13965;1999;135
N18102;2002;134
N11189;2005;134
N11544;2002;135
N16112;2002;134
N15912;2001;135
N13118;2002;134
N11119;2002;134
N16961;1999;135
N928LR;2005;93
N651ML;;69
N37342;1999;69
N27318;1999;69
N77302;1999;69
N87353;1999;69
N77278;1998;69
N916FJ;2004;93
N919FJ;2004;93
N942LR;2005;93
N939LR;2005;93
N921FJ;2004;93
N934FJ;2005;93
N929LR;2005;93
N935LR;2005;93
N925FJ;2004;93
N915FJ;;93
N908FJ;2003;93
N910FJ;2003;93
N922FJ;2004;93
N917FJ;2004;93
N932LR;2005;93
N911FJ;2003;93
N904FJ;2003;93
N913FJ;2004;93
N956LR;2005;93
N933LR;2005;93
N903FJ;2003;93
N920FJ;2004;93
N907FJ;2003;93
N909FJ;2003;93
N17337;1999;69
N17358;;69
N7264V;1998;69
N906FJ;2003;93
N7291Z;1999;69
N17231;1998;69
N7305V;1999;69
N914FJ;2004;93
N930LR;2005;93
N902FJ;2003;93
N37178;1997;69
N77260;1998;69
N449YV;1996;138
N918FJ;2004;93
N905FJ;;
N987HA;1996;138
N437YV;;138
N17275;1998;69
N988HA;1996;138
N989HA;1996;138
N924FJ;2004;93
N938LR;2005;93
N926LR;2004;93
N931LR;2005;93
N97325;1999;69
N991HA;1996;138
N923FJ;2004;93
N77286;1999;69
N27191;1997;69
N502MJ;2002;70
N504MJ;2002;70
N27314;1999;69
N519LR;2006;70
N75994;2000;69
N507MJ;2003;70
N75992;2000;69
N444YV;1996;138
N516LR;2006;70
N505MJ;2002;70
N511MJ;2003;70
N510MJ;2003;70
N508MJ;2003;70
N75996;1999;69
N47202;1997;69
N75995;1999;69
N455YV;1997;138
N445YV;1996;138
N509MJ;2003;70
N503MJ;2002;70
N506MJ;2002;70
N570ML;1997;69
N75987;;69
N17156;1996;69
N521LR;2006;70
N518LR;2006;70
N17175;1997;69
N77195;1997;69
N571ML;1997;69
N448YV;1996;138
N593ML;;
N650ML;1996;69
N454YV;1997;138
N515MJ;2003;70
N446YV;1996;138
N447YV;1996;138
N434YV;1996;138
N27185;1997;69
N27172;1997;69
N37208;1997;69
N75998;1999;69
N77181;1997;69
N513MJ;2003;70
N436YV;1996;138
N514MJ;2003;70
N501MJ;2002;70
N715SF;1996;69
N592ML;;
N154SF;1996;69
N75991;;69
N512MJ;2003;70
N77331;1999;69
