0;323;Carrier
1;328;Carrier
2;449;Carrier
3;673;Carrier
4;708;Carrier
5;756;Carrier
6;1059;Carrier
7;1563;National Air System
8;1712;Carrier
9;2125;Carrier
10;2221;Carrier
11;2277;National Air System
12;2388;Carrier
13;2447;National Air System
14;2545;National Air System
15;2558;National Air System
16;2762;Carrier
17;2924;Carrier
18;4099;Carrier
19;4367;Carrier
20;4411;National Air System
21;4704;Weather
22;4707;Weather
23;4717;Carrier
24;4720;Weather
25;4758;Carrier
26;4761;Carrier
27;4792;Weather
28;4793;Weather
29;4794;Weather
30;4795;Weather
31;4796;Weather
32;4844;Carrier
33;4856;Carrier
34;4874;Carrier
35;4889;Carrier
36;4903;Carrier
37;4924;Carrier
38;5127;Carrier
39;5129;Carrier
40;5146;Carrier
41;5147;Carrier
42;5162;Carrier
43;5172;Carrier
44;5233;Carrier
45;5299;Carrier
46;5360;Carrier
47;5363;Carrier
48;5554;Carrier
49;5757;Weather
50;5775;Weather
51;5779;Weather
52;5801;Weather
53;5810;Weather
54;5844;Weather
55;5912;Weather
56;5965;Weather
57;5993;Weather
58;5996;Weather
59;5999;Weather
60;6027;Weather
61;6035;Weather
62;6615;Weather
63;6621;Weather
64;6627;Weather
65;6641;Weather
66;6710;Weather
67;6714;Weather
68;6810;Weather
69;6813;Weather
70;6818;Weather
71;6827;Weather
72;6829;Weather
73;6833;Weather
74;6845;Carrier
75;6846;Weather
76;7046;Weather
77;7051;Weather
78;8220;National Air System
79;8485;National Air System
80;8576;Carrier
81;9299;Carrier
82;9354;National Air System
83;9488;Carrier
84;9596;Carrier
85;9681;National Air System
86;10696;Carrier
87;10890;Carrier
88;11134;Carrier
89;11284;Carrier
90;11308;Carrier
91;11406;Carrier
92;11412;Carrier
93;11413;Carrier
94;11421;Carrier
95;11422;Carrier
96;11424;Carrier
97;11425;Carrier
98;11432;Carrier
99;11434;Carrier
100;11435;Carrier
101;11443;Carrier
102;11474;Carrier
103;11480;Carrier
104;11568;Carrier
105;12100;Carrier
106;12165;Carrier
107;12495;Carrier
108;12657;Weather
109;12700;Carrier
110;12808;Carrier
111;13017;Carrier
112;13078;Carrier
113;13423;Carrier
114;14077;Carrier
115;15472;Carrier
116;15608;Carrier
117;15620;Carrier
118;15629;Carrier
119;15915;Carrier
120;15918;Carrier
121;15924;National Air System
122;16241;Carrier
123;16243;Carrier
124;16383;Carrier
125;17063;Carrier
126;17066;Carrier
127;17490;Carrier
128;17505;Carrier
129;17772;Carrier
130;17780;Weather
131;17841;Weather
132;17844;Weather
133;17871;Weather
134;17948;Weather
135;17951;Weather
136;18017;Carrier
137;18032;Weather
138;18035;Weather
139;18064;National Air System
140;18096;Carrier
141;18105;National Air System
142;18107;Carrier
143;18505;Carrier
144;18831;Carrier
145;19399;Carrier
146;19400;National Air System
147;19411;National Air System
148;19712;National Air System
149;19805;Carrier
150;19806;National Air System
151;19997;National Air System
152;20002;National Air System
153;20102;Carrier
154;20149;National Air System
155;20232;National Air System
156;20266;Carrier
157;20317;National Air System
158;20440;National Air System
159;20442;National Air System
160;20449;National Air System
161;20455;National Air System
162;20475;Carrier
163;20483;Carrier
164;20510;National Air System
165;20523;National Air System
166;20525;Carrier
167;20585;National Air System
168;20736;National Air System
169;20819;Weather
170;20823;National Air System
171;20828;National Air System
172;20831;National Air System
173;20837;National Air System
174;20846;National Air System
175;20868;National Air System
176;20871;National Air System
177;20881;National Air System
178;20891;National Air System
179;20916;Carrier
180;20937;National Air System
181;20947;National Air System
182;20952;National Air System
183;20954;National Air System
184;20973;National Air System
185;20976;National Air System
186;20981;National Air System
187;20985;Weather
188;20988;Weather
189;21004;National Air System
190;21010;National Air System
191;21013;National Air System
192;21064;National Air System
193;21088;Weather
194;21121;Weather
195;21128;Weather
196;21186;Weather
197;21250;National Air System
198;21252;National Air System
199;21253;Weather
200;23579;Weather
201;23588;Weather
202;23594;Weather
203;23595;Weather
204;23637;Weather
205;23681;Weather
206;23726;Weather
207;23752;Weather
208;23791;Weather
209;23807;Weather
210;23886;Weather
211;23900;Carrier
212;23937;Weather
213;24049;Weather
214;24050;Weather
215;24256;Weather
216;24284;Weather
217;24328;Weather
218;24342;Weather
219;24382;Weather
220;24438;Weather
221;24439;Weather
222;24468;Weather
223;24500;Weather
224;24505;Weather
225;24728;Weather
226;24730;Carrier
227;24736;Weather
228;24776;Weather
229;25070;Carrier
230;25108;Weather
231;25194;Weather
232;25849;Carrier
233;25913;Weather
234;25915;Weather
235;25920;Weather
236;25923;Carrier
237;26096;Weather
238;26212;Weather
239;26234;Weather
240;26237;Weather
241;26240;Weather
242;26242;Weather
243;26258;Weather
244;26260;Weather
245;26330;Weather
246;26331;Weather
247;26332;Weather
248;26376;Weather
249;26383;Weather
250;26385;Weather
251;26423;Weather
252;26449;National Air System
253;26534;Weather
254;26544;Weather
255;26601;Weather
256;26616;Carrier
257;26708;Carrier
258;26860;Carrier
259;27093;Carrier
260;27218;National Air System
261;27227;Carrier
262;27228;Carrier
263;27279;Carrier
264;27308;National Air System
265;27326;Carrier
266;27508;Carrier
267;27542;Carrier
268;27553;Weather
269;28007;Weather
270;28369;Weather
271;28437;Carrier
272;28478;Carrier
273;28551;Weather
274;28692;Carrier
275;28788;Carrier
276;29112;Weather
277;29125;Carrier
278;29147;National Air System
279;29187;National Air System
280;29383;Carrier
281;29439;Carrier
282;29442;Carrier
283;29649;Carrier
284;29895;Carrier
285;30012;Carrier
286;30069;Carrier
287;30484;Carrier
288;30488;Weather
289;30522;Carrier
290;30560;Weather
291;30671;Carrier
292;30718;Carrier
293;30930;Carrier
294;30977;Carrier
295;30988;Carrier
296;31037;Carrier
297;31310;Carrier
298;31342;Carrier
299;31369;Weather
300;32072;Carrier
301;32356;Carrier
302;32593;Carrier
303;32682;Carrier
304;33205;Carrier
305;33365;Carrier
306;33528;Carrier
307;33833;National Air System
308;33960;Carrier
309;33971;Carrier
310;34238;Carrier
311;34388;Carrier
312;34524;Carrier
313;34537;National Air System
314;34611;Carrier
315;34622;National Air System
316;34833;Carrier
317;34838;Carrier
318;35304;Carrier
319;35312;Carrier
320;35314;Carrier
321;35326;Carrier
322;35389;Carrier
323;35391;Carrier
324;35500;Carrier
325;35571;Carrier
326;35596;Carrier
327;35597;Carrier
328;35683;Carrier
329;35699;Carrier
330;35728;Carrier
331;35729;Carrier
332;35762;Carrier
333;35799;Carrier
334;35815;Carrier
335;35846;Carrier
336;35848;Carrier
337;35996;National Air System
338;36183;Carrier
339;36231;National Air System
340;36245;Carrier
341;36291;Carrier
342;36317;Carrier
343;36771;Carrier
344;36999;Carrier
345;37001;Carrier
346;37062;Carrier
347;37120;National Air System
348;37765;Carrier
349;37925;National Air System
350;37951;Carrier
351;38077;Carrier
352;38118;Carrier
353;38639;Carrier
354;39007;Carrier
355;39265;National Air System
356;39313;Carrier
357;39525;Carrier
358;39554;Carrier
359;39615;Carrier
360;39829;Carrier
361;40101;Carrier
362;40102;Carrier
363;40247;Carrier
364;40490;National Air System
365;40605;Carrier
366;40888;Carrier
367;40998;Carrier
368;41100;Carrier
369;41151;Carrier
370;41959;Carrier
371;42113;Carrier
372;44412;National Air System
373;44418;National Air System
374;44568;National Air System
375;44948;National Air System
376;45078;Weather
377;45310;National Air System
378;46056;National Air System
379;46166;National Air System
380;46203;Weather
381;46241;National Air System
382;46963;Carrier
383;47004;Carrier
384;47107;Carrier
385;47204;Carrier
386;47229;Carrier
387;47237;Carrier
388;47243;Carrier
389;47258;Carrier
390;47386;Carrier
391;47573;Carrier
392;47659;Weather
393;47836;Carrier
394;47837;Carrier
395;47851;Carrier
396;48184;Carrier
397;48249;Carrier
398;48250;Carrier
399;48299;Carrier
400;48300;Carrier
