0;0;SYR
1;1;IAD
2;2;LAS
3;3;BDL
4;4;BWI
5;5;BWI
6;6;BDL
7;7;BWI
8;8;BDL
9;9;PIT
10;10;CMH
11;11;ORD
12;12;IAD
13;13;IAD
14;14;ORF
15;15;DFW
16;16;EWR
17;17;IAD
18;18;ABQ
19;323;BOS
20;673;ORD
21;4593;SCC
22;4594;OME
23;4595;ANC
24;4596;OTZ
25;4704;ANC
26;4717;ANC
27;5713;LGA
28;5714;ROC
29;5715;PIT
30;5716;AVP
31;5717;ROC
32;5718;AVP
33;5719;IAD
34;5720;SYR
35;6845;BOS
36;7101;SYR
37;7102;ONT
38;9174;PVD
39;9175;SYR
40;9176;CVG
41;9177;ATL
42;9178;LAX
43;9179;BOS
44;9180;DCA
45;9181;BDL
46;9182;BOS
47;9183;BWI
48;9184;BWI
49;9185;ONT
50;12611;ABE
51;12612;PIA
52;12613;ATL
53;13423;MDT
54;15227;ATL
55;15228;ATL
56;15229;BWI
57;17239;HNL
58;17765;ONT
59;17766;ONT
60;17767;CID
61;17768;GRB
62;17769;BDL
63;17770;PIT
64;17771;BOS
65;20266;CMH
66;21121;BOS
67;21128;CLE
68;21264;BIS
69;21265;DEN
70;21266;PIT
71;21267;PIT
72;21268;BOI
73;21269;DTW
74;21270;BUF
75;21271;MKE
76;21272;MKE
77;21273;MDT
78;23571;PIT
79;23572;CMH
80;24790;IAH
81;24791;BFL
82;24792;BFL
83;24793;SFO
84;24794;SFO
85;24795;FAT
86;24796;SLC
87;26234;SFO
88;26332;LAX
89;28867;ONT
90;28868;ONT
91;28869;MDT
92;28870;PIT
93;28871;ONT
94;28872;ONT
95;28873;BOS
96;28874;LAS
97;32148;MDT
98;32149;PIT
99;32150;PIT
100;32151;PIT
101;32152;CLT
102;32153;DEN
103;32154;PHL
104;32155;PIT
105;32156;PIT
106;32157;MDT
107;35431;HRL
108;35432;HRL
109;35433;LAS
110;35434;DAL
111;35435;CMH
112;35436;ONT
113;35437;IAD
114;35438;LAS
115;35439;BUR
116;35440;MHT
117;35441;BWI
118;35442;BUR
119;35443;ONT
120;35444;ONT
121;35445;ONT
122;35446;LAX
123;35447;ONT
124;35448;PVD
125;35449;SDF
126;35450;BWI
127;35451;PIT
128;35452;TPA
129;35453;PVD
130;35454;PVD
131;35455;ONT
132;35456;BWI
133;35597;HOU
134;44376;MDT
135;44377;MSN
136;46508;SBA
137;46509;IAD
