0;767-223;Turbo-Fan;BOEING
1;767-323;Turbo-Fan;BOEING
2;DC-9-82(MD-82);Turbo-Fan;DOUGLAS
3;HST-550;Turbo-Prop;HELIO
4;DC-7BF;Reciprocating;DOUGLAS
5;E-90;Turbo-Prop;BEECH
6;PA-32RT-300;Reciprocating;PIPER
7;690A;Turbo-Prop;AERO COMMANDER
8;1121;Turbo-Jet;AERO COMMANDER
9;AS 355F1;Turbo-Shaft;AEROSPATIALE
10;S-76A;Turbo-Shaft;SIKORSKY
11;FALCON XP;Reciprocating;LEBLANC GLENN T
12;172M;4 Cycle;CESSNA
13;DC-9-83(MD-83);Turbo-Fan;DOUGLAS
14;757-223;Turbo-Fan;BOEING
15;FALCON-XP;Reciprocating;BAUMAN RANDY
16;G-IV;Turbo-Fan;GULFSTREAM AEROSPACE
17;T210N;Reciprocating;CESSNA
18;421C;Reciprocating;CESSNA
19;KITFOX IV;Reciprocating;MARZ BARRY
20;C90;Turbo-Prop;BEECH
21;172E;Reciprocating;CESSNA
22;210-5(205);Reciprocating;CESSNA
23;S-50A;None;RAVEN
24;VANS AIRCRAFT RV6;Reciprocating;FRIEDEMANN JON
25;182P;Reciprocating;CESSNA
26;PA-31-350;Reciprocating;PIPER
27;206B;Turbo-Shaft;BELL
28;OTTER DHC-3;Reciprocating;DEHAVILLAND
29;150;Reciprocating;CESSNA
30;PA-28-180;Reciprocating;PIPER
31;PA-32R-300;Reciprocating;PIPER
32;550;Turbo-Fan;CESSNA
33;F85P-1;Reciprocating;MORSE GEORGE JR
34;60;Reciprocating;BEECH
35;A-1B;Reciprocating;AVIAT AIRCRAFT INC
36;737-4Q8;Turbo-Jet;BOEING
37;737-890;Turbo-Fan;BOEING
38;737-990;Turbo-Jet;BOEING
39;737-8FH;Turbo-Jet;BOEING
40;737-490;Turbo-Jet;BOEING
41;737-790;Turbo-Jet;BOEING
42;737-4S3;Turbo-Jet;BOEING
43;A320-232;Turbo-Fan;AIRBUS
44;ERJ 190-100 IGW;Turbo-Fan;EMBRAER
45;757-224;Turbo-Jet;BOEING
46;767-424ER;Turbo-Jet;BOEING
47;737-824;Turbo-Fan;BOEING
48;737-524;Turbo-Fan;BOEING
49;737-924;Turbo-Fan;BOEING
50;737-924ER;Turbo-Fan;BOEING
51;767-224;Turbo-Jet;BOEING
52;757-33N;Turbo-Jet;BOEING
53;737-3TO;Turbo-Jet;BOEING
54;737-724;Turbo-Jet;BOEING
55;757-324;Turbo-Jet;BOEING
56;777-224;Turbo-Fan;BOEING
57;737-832;Turbo-Jet;BOEING
58;757-232;Turbo-Jet;BOEING
59;767-332;Turbo-Fan;BOEING
60;MD-88;Turbo-Fan;DOUGLAS
61;757-212;Turbo-Jet;BOEING
62;757-2Q8;Turbo-Fan;BOEING
63;767-432ER;Turbo-Jet;BOEING
64;757-26D;Turbo-Jet;BOEING
65;757-231;Turbo-Fan;BOEING
66;MD-90-30;Turbo-Jet;DOUGLAS
67;182A;Reciprocating;CESSNA
68;767-3P6;Turbo-Fan;BOEING
69;CL-600-2B19;Turbo-Fan;BOMBARDIER INC
70;CL-600-2C10;Turbo-Fan;BOMBARDIER INC
71;ATR-72-212;Turbo-Prop;AEROSPATIALE/ALENIA
72;ATR 72-212;Turbo-Prop;AEROSPATIALE
73;A319-111;Turbo-Jet;AIRBUS
74;A319-112;Turbo-Jet;AIRBUS
75;A318-111;Turbo-Fan;AIRBUS
76;A320-214;Turbo-Fan;AIRBUS
77;717-200;Turbo-Fan;BOEING
78;737-76N;Turbo-Fan;BOEING
79;737-7BD;Turbo-Fan;BOEING
80;767-3G5;Turbo-Jet;BOEING
81;767-3CB;Turbo-Jet;BOEING
82;767-33A;Turbo-Fan;BOEING
83;757-351;Turbo-Jet;BOEING
84;A320-212;Turbo-Fan;AIRBUS
85;A319-114;Turbo-Fan;AIRBUS
86;A330-323;Turbo-Fan;AIRBUS
87;A320-211;Turbo-Jet;AIRBUS
88;DC-9-51;Turbo-Jet;DOUGLAS
89;757-251;Turbo-Jet;BOEING
90;DC-9-31;Turbo-Jet;DOUGLAS
91;DC-9-32;Turbo-Jet;DOUGLAS
92;DC-9-41;Turbo-Jet;DOUGLAS
93;CL600-2D24;Turbo-Fan;BOMBARDIER INC
94;EMB-120ER;Turbo-Prop;EMBRAER
95;EMB-120;Turbo-Prop;EMBRAER
96;757-222;Turbo-Jet;BOEING
97;A319-131;Turbo-Jet;AIRBUS
98;777-222;Turbo-Fan;BOEING
99;737-322;Turbo-Fan;BOEING
100;737-522;Turbo-Fan;BOEING
101;767-322;Turbo-Fan;BOEING
102;747-422;Turbo-Fan;BOEING
103;A319-132;Turbo-Jet;AIRBUS
104;757-2B7;Turbo-Fan;BOEING
105;737-4B7;Turbo-Jet;BOEING
106;737-401;Turbo-Jet;BOEING
107;A320-231;Turbo-Jet;AIRBUS
108;757-2S7;Turbo-Jet;BOEING
109;757-2G7;Turbo-Jet;BOEING
110;737-3G7;Turbo-Jet;BOEING
111;737-33A;Turbo-Fan;BOEING
112;757-225;Turbo-Fan;BOEING
113;737-3S3;Turbo-Fan;BOEING
114;737-3B7;Turbo-Fan;BOEING
115;737-3Y0;Turbo-Fan;BOEING
116;A321-211;Turbo-Jet;AIRBUS
117;757-23N;Turbo-Fan;BOEING
118;767-2B7;Turbo-Jet;BOEING
119;767-201;Turbo-Jet;BOEING
120;737-301;Turbo-Jet;BOEING
121;737-7H4;Turbo-Fan;BOEING
122;737-3H4;Turbo-Fan;BOEING
123;737-3Q8;Turbo-Fan;BOEING
124;737-5H4;Turbo-Jet;BOEING
125;737-705;Turbo-Fan;BOEING
126;737-317;Turbo-Jet;BOEING
127;737-3A4;Turbo-Jet;BOEING
128;737-76Q;Turbo-Fan;BOEING
129;737-3K2;Turbo-Jet;BOEING
130;737-3T5;Turbo-Jet;BOEING
131;737-3L9;Turbo-Jet;BOEING
132;737-7Q8;Turbo-Fan;BOEING
133;737-7AD;Turbo-Jet;BOEING
134;EMB-145XR;Turbo-Fan;EMBRAER
135;EMB-145LR;Turbo-Fan;EMBRAER
136;EMB-145;Turbo-Jet;EMBRAER
137;EMB-145EP;Turbo-Jet;EMBRAER
138;DHC-8-202;Turbo-Prop;DEHAVILLAND
